,N,I,T,N,L,C,P,F,G,E,V,F,N,A,T,R,F,A,S,V,Y,A,W,N,R,K,R,I,S,N,C,V,A,D,Y,S,V,L,Y,N,S,A,S,F,S,T,F,K,C,Y,G,V,S,P,T,K,L,N,D,L,C,F,T,N,V,Y,A,D,S,F,V,I,R,G,D,E,V,R,Q,I,A,P,G,Q,T,G,K,I,A,D,Y,N,Y,K,L,P,D,D,F,T,G,C,V,I,A,W,N,S,N,N,L,D,S,K,V,G,G,N,Y,N,Y,L,Y,R,L,F,R,K,S,N,L,K,P,F,E,R,D,I,S,T,E,I,Y,Q,A,G,S,T,P,C,N,G,V,E,G,F,N,C,Y,F,P,L,Q,S,Y,G,F,Q,P,T,N,G,V,G,Y,Q,P,Y,R,V,V,V,L,S,F,E,L,L,H,A,P,A,T,V,C,G,P,K,K,S,T
<eos>,-23.642546,-22.542336,-22.29208,-22.467123,-22.803537,-22.599651,-22.82822,-23.438686,-22.517895,-22.646929,-22.366177,-22.260468,-22.299278,-22.643885,-22.439425,-22.874464,-22.390907,-22.396032,-22.461618,-22.350416,-22.44325,-22.292156,-22.341297,-22.215706,-22.605782,-22.615156,-22.535738,-22.2518,-22.316254,-22.56959,-22.306854,-22.462927,-22.310308,-22.469582,-22.511013,-22.353882,-22.35291,-22.052145,-22.21511,-22.46817,-22.523596,-22.509665,-22.627203,-22.550867,-22.574549,-22.441034,-22.57717,-22.355991,-22.216951,-22.606941,-22.361725,-22.303986,-22.288416,-22.75557,-22.520237,-22.438267,-22.29973,-22.411173,-22.425608,-22.406239,-22.324488,-22.375746,-22.400522,-22.399416,-22.21899,-22.447365,-22.41221,-22.66852,-22.525688,-22.296902,-22.165524,-22.045141,-22.470043,-22.407719,-22.530865,-22.262276,-22.19187,-22.427988,-22.147404,-22.463537,-22.11431,-22.296572,-22.199642,-22.1807,-22.035381,-22.861727,-22.213854,-22.15623,-22.45026,-22.557657,-22.37904,-22.582602,-22.665129,-22.491238,-22.408482,-22.507036,-22.973377,-23.041552,-22.95522,-22.667192,-22.69258,-22.580214,-22.31696,-22.226255,-22.33113,-22.370045,-22.387917,-22.02309,-22.181753,-21.930172,-21.998734,-22.13106,-22.14523,-22.286297,-22.313618,-22.176786,-22.258675,-22.32402,-22.130213,-22.161503,-22.453531,-22.486542,-22.393261,-22.322779,-22.234304,-22.048662,-22.301737,-22.457806,-22.483212,-22.658257,-22.683296,-22.658115,-22.14765,-22.616598,-22.15751,-22.50976,-22.150808,-22.120823,-22.07922,-22.611248,-22.171352,-22.065802,-22.084854,-22.13898,-22.30065,-22.135365,-22.322546,-22.308002,-22.385231,-22.137825,-22.629826,-22.599663,-22.505415,-22.764458,-22.466675,-22.872992,-22.0601,-22.244051,-22.673967,-22.202085,-22.304628,-22.317348,-22.379986,-22.251598,-22.265339,-22.156502,-22.151415,-22.14449,-22.145876,-22.228027,-22.24987,-22.190277,-22.303375,-22.208374,-22.518337,-22.27666,-22.02219,-22.179964,-22.235403,-22.347023,-22.433987,-22.576714,-22.943047,-22.6574,-22.298008,-21.916145,-22.317873,-21.889526,-22.79328,-22.048529,-22.231653,-22.250263,-22.290417,-22.310955,-22.54168,-22.115849,-21.912796,-22.119576,-21.975689,-21.94398,-21.870552
L,-3.912466,-2.738559,-2.7678826,-2.5945377,-2.938859,-2.5939343,-2.6963735,-3.2384524,-2.8200507,-3.0907683,-2.9839253,-2.6914785,-3.0756865,-2.8888943,-2.9979992,-3.1644683,-2.746552,-2.9725478,-2.9755437,-2.7376218,-2.8102317,-2.79805,-2.7691221,-2.6881816,-2.868641,-2.7012134,-2.7891722,-2.567719,-2.7893522,-2.818468,-2.678674,-2.8043427,-2.7024767,-3.078788,-2.709939,-2.7604737,-2.7787955,-2.7185342,-2.7874737,-3.2030725,-3.024995,-3.0336661,-2.9421287,-2.9204552,-3.0724058,-2.9328282,-2.6748548,-2.97611,-2.4695225,-2.8896403,-2.7846901,-2.7253542,-2.7885644,-2.9136176,-2.7218487,-2.8150795,-2.7166002,-2.9423351,-3.0080574,-2.7018485,-2.7834988,-2.745785,-2.9497933,-2.983169,-2.7869616,-2.8405175,-2.7954488,-3.2447214,-2.75599,-2.5532374,-2.611401,-2.4325368,-2.9276814,-2.5791178,-2.7436862,-2.649651,-2.3876514,-2.4180324,-2.3580122,-2.2219846,-2.387878,-2.6698344,-2.4494104,-2.6721058,-2.6736102,-2.1184332,-2.5349598,-2.3651114,-2.4535313,-2.4511933,-2.3825963,-2.7011352,-2.1752853,-2.7944946,-2.1409252,-2.7362037,-3.0623107,-3.4316232,-2.715345,-3.2379584,-3.0960608,-2.6069937,-2.7254057,-2.3745968,-2.9421997,-2.4273636,-2.8950958,-2.662693,-2.7605896,-2.5434022,-2.743705,-2.716554,-2.538439,-2.7068691,-2.7970238,-2.707182,-2.7908955,-3.1522794,-2.8991542,-2.8178575,-2.6189954,-3.0545611,-2.2691753,-2.4035335,-2.498574,-2.6258488,-2.6669102,-2.820513,-2.9569998,-2.9513187,-2.8370147,-2.6417356,-2.457996,-2.5295305,-2.5849974,-2.4104795,-2.430651,-2.3658273,-2.4739141,-2.3232925,-2.565061,-2.3058865,-2.366776,-2.6210814,-2.6697376,-2.5368083,-2.6539268,-2.5860598,-2.690073,-2.5594711,-2.9914932,-2.7016342,-2.7908604,-3.0913625,-2.8511558,-2.9541245,-2.9197483,-2.806645,-3.0366383,-2.567405,-3.0663714,-2.6845255,-2.844675,-2.651265,-2.635384,-2.8126566,-2.6145163,-2.7625456,-2.5151222,-2.6865063,-2.8067544,-2.6188827,-2.8516645,-2.7282295,-2.740785,-2.7005334,-2.8619423,-2.77595,-3.2584178,-3.0220292,-3.2976775,-3.0475397,-3.505485,-3.4100733,-3.000044,-2.8266907,-2.8645058,-2.7344239,-3.160469,-2.6469676,-2.9512715,-2.6478457,-2.7884293,-2.6699784,-2.7774227,-2.5763872,-2.6051724,-2.5228114,-2.6188197,-2.4952798,-2.5824118
A,-4.342502,-2.508646,-2.7749481,-2.7238536,-2.779755,-2.649732,-2.2926846,-2.1676965,-2.8151803,-2.6844013,-2.925479,-2.661963,-2.849054,-2.7161844,-2.669346,-2.7299001,-2.784589,-2.7516987,-2.743105,-2.732548,-2.5793152,-2.8154325,-2.6257153,-2.791843,-2.7994406,-2.8168583,-2.8765152,-2.7917302,-2.6332588,-2.724721,-2.7727542,-2.777133,-2.7253654,-2.8837264,-2.675097,-2.6781173,-2.6492558,-2.7631354,-2.7334256,-2.7978292,-2.7624755,-2.9015043,-2.7838745,-2.7726095,-2.6866784,-2.8484824,-2.5901976,-2.7147384,-2.7519126,-2.8262885,-2.7889216,-2.833185,-2.8043525,-2.7128818,-2.7483466,-2.7204916,-2.8050356,-2.7954853,-2.828113,-2.7790341,-2.8461947,-2.7201269,-2.803379,-2.6918619,-2.7360585,-2.7136219,-2.8815842,-2.8731112,-2.7078226,-2.8088627,-2.834083,-2.7939992,-2.8995388,-2.808566,-2.8552828,-2.8498085,-3.103535,-2.9285095,-2.8817883,-3.0069292,-2.9019122,-2.8249965,-3.0764167,-2.7347476,-2.9742534,-3.0866985,-2.864629,-2.9582403,-3.0735128,-2.8045003,-2.952755,-3.0675821,-2.9963958,-3.0576878,-2.8779445,-2.891793,-2.3950877,-3.1402342,-2.3944352,-2.9287586,-2.868343,-2.702236,-2.8470235,-2.666443,-2.7692327,-2.790787,-2.7716725,-2.7856202,-2.7052782,-2.8281465,-2.8685548,-2.8142092,-2.8083797,-2.810668,-2.8297973,-2.8500164,-2.8108418,-2.942144,-2.823039,-2.8974133,-2.6739058,-3.0418937,-2.6557937,-2.6607645,-2.803229,-2.8228648,-2.8809702,-2.8584356,-2.947659,-2.9792843,-2.935698,-2.7893562,-3.0148978,-2.9653509,-2.894486,-2.9192386,-2.9612374,-2.888164,-2.7286084,-2.6519191,-2.6848862,-3.0302553,-2.8892088,-2.7034323,-2.8416185,-2.8466449,-2.7384553,-2.677577,-2.7531376,-2.5917478,-2.7590718,-2.6909544,-2.6812592,-2.591599,-2.8844497,-2.7183263,-2.8178864,-2.749111,-2.937829,-2.7347465,-2.7552986,-2.833525,-2.7494533,-2.7834725,-2.7801642,-2.8774128,-2.8663647,-2.9127905,-2.7611656,-2.7531362,-2.7360592,-2.8511906,-2.7691677,-2.880442,-2.8440266,-2.8094444,-2.953425,-2.8576264,-3.0264423,-2.916504,-2.9316537,-2.8000813,-2.9777594,-2.7686024,-2.9520335,-2.9231744,-2.822818,-2.9567945,-2.7281156,-2.851334,-2.7713447,-2.8276305,-2.7229521,-2.7499807,-2.628442,-2.7203753,-2.8244624,-2.7532794,-2.7883615,-2.83569,-2.8480031
G,-4.04277,-2.6004083,-2.703252,-2.554815,-2.8059049,-2.883201,-2.3598347,-2.9319816,-2.306316,-2.551384,-2.61087,-2.7841322,-2.6306713,-2.3219478,-2.5182743,-2.5239596,-2.5241265,-2.449782,-2.5119948,-2.3864617,-2.6645489,-2.5764518,-2.6517649,-2.5550394,-1.8624718,-2.6772895,-2.662481,-2.489643,-2.5772812,-2.3949554,-2.226761,-2.7537246,-2.6752973,-2.088538,-2.2522144,-2.481853,-2.667462,-2.6616302,-2.5427275,-2.3384752,-2.2140307,-2.4539373,-2.398252,-2.2892442,-2.4197931,-2.211291,-2.2570345,-2.5059738,-2.7921162,-2.6472018,-2.546318,-2.519836,-3.0664542,-2.0373578,-2.626474,-2.5283396,-2.5816646,-2.5101156,-2.481602,-2.6151395,-2.6628785,-2.4148464,-2.4838464,-2.2829583,-2.462198,-2.6725137,-2.3452888,-2.2802753,-2.221046,-2.608077,-2.6862483,-2.940177,-2.5467217,-2.6500516,-2.3340178,-2.6190708,-2.9457169,-3.0001876,-2.9344802,-2.8860056,-3.0307322,-2.6600864,-2.432941,-2.5847218,-2.6846278,-3.3022342,-2.845922,-2.9113607,-3.0050132,-2.548254,-2.672627,-3.1524181,-3.0211406,-3.3430877,-3.2985988,-2.7053225,-2.9045863,-1.7528799,-2.6486554,-2.7008286,-2.3096576,-2.6302743,-2.7706804,-2.8687081,-2.661017,-2.9062083,-2.6834655,-2.575879,-2.5545833,-2.7682216,-2.680643,-2.7546034,-2.5973,-2.5670278,-2.5968153,-2.7085097,-2.528647,-2.3885784,-2.4572923,-2.5670376,-2.5093412,-2.5701714,-2.6348324,-2.7035012,-2.7491837,-2.9010983,-2.7298784,-2.4809415,-2.333037,-2.143144,-1.8516188,-2.6817434,-2.754823,-2.2162433,-2.7621715,-2.8232396,-3.085801,-2.619237,-2.936474,-2.4009418,-2.6635559,-3.0438719,-3.0968878,-2.667657,-2.7310743,-2.6172023,-2.6187365,-2.8017442,-2.7261868,-2.7478173,-2.5371947,-2.4801106,-2.5689697,-2.5276773,-2.3128068,-2.4031649,-2.5938237,-2.410028,-2.6910756,-2.6939254,-2.4527767,-2.430868,-2.334886,-2.5570445,-2.4993973,-2.6403623,-2.5159905,-2.8560367,-2.7688618,-2.6249478,-2.4562552,-2.5584106,-2.4339623,-2.733419,-2.3724709,-2.6210802,-2.3774614,-2.332091,-2.45018,-2.2508268,-2.7040298,-2.289946,-2.4623861,-2.0951173,-2.3760233,-2.7307787,-2.508078,-2.839899,-2.5447085,-2.88421,-2.620136,-2.667444,-2.5950053,-2.6662343,-2.9998567,-3.0546637,-2.5506341,-2.6785383,-2.6999526,-2.903653,-2.8108833
V,-4.351777,-2.799974,-2.9339077,-2.7304206,-2.880524,-2.6486506,-2.3687046,-2.9255972,-2.8566494,-3.076342,-2.7722197,-2.657812,-3.043211,-2.9367855,-3.0275269,-3.1361017,-2.9171934,-2.893868,-3.001391,-2.7942631,-2.8015957,-2.913569,-2.867121,-2.9742813,-2.7896454,-2.7557333,-2.8860598,-2.822651,-2.7805498,-2.8693495,-2.7396696,-2.90083,-2.6907218,-3.0850077,-2.7759218,-2.782548,-2.7620277,-2.6828814,-2.933522,-3.3214502,-3.0486124,-3.06462,-2.8849416,-2.9422224,-2.9708118,-3.0612574,-2.7573013,-3.0259402,-2.511538,-2.9202452,-2.9256945,-2.746869,-2.8091955,-2.8115041,-2.6737168,-2.7529464,-2.818428,-2.8297367,-3.0906777,-2.7346485,-2.7167375,-2.86876,-2.9557588,-3.010754,-2.7796617,-2.7207983,-2.884622,-3.2637675,-2.7538013,-2.5360074,-2.579744,-2.5051334,-2.9680471,-2.6004114,-2.5887501,-2.5943303,-2.4769707,-2.345115,-2.4732487,-2.4590414,-2.563393,-2.6563048,-2.678214,-2.62529,-2.6905057,-1.9785504,-2.4975448,-2.500598,-2.3552392,-2.417544,-2.5540557,-2.600284,-2.19,-2.6178308,-2.506262,-2.6263633,-2.886972,-3.313692,-2.444748,-2.968494,-3.104811,-2.720283,-2.6576967,-2.307979,-2.8495135,-2.305923,-2.7792954,-2.6052496,-2.7663572,-2.6285524,-2.7742436,-2.6632664,-2.5413108,-2.628324,-2.8160274,-2.7569814,-2.8070672,-3.0330985,-2.860095,-2.7779615,-2.4968588,-2.8005488,-2.121346,-2.5244532,-2.4437501,-2.5971706,-2.6978912,-2.770581,-3.0206792,-2.981015,-2.9091272,-2.6132855,-2.5230963,-2.5328038,-2.5649168,-2.2811584,-2.452007,-2.5273948,-2.5554955,-2.295331,-2.6448915,-2.3926253,-2.4499917,-2.6383917,-2.5706768,-2.5781288,-2.5811396,-2.4768753,-2.6228664,-2.443347,-2.8183417,-2.541522,-2.5019405,-2.9506512,-2.8759255,-2.9016366,-2.934996,-2.7997122,-2.8886487,-2.5651474,-3.0820007,-2.6084118,-2.7846751,-2.6189008,-2.5469704,-2.6761558,-2.6192756,-2.5565777,-2.45194,-2.55639,-2.7636554,-2.6907246,-2.7501476,-2.7170062,-2.84204,-2.7541046,-3.0312805,-2.8800354,-3.4388123,-3.2292767,-3.3904176,-3.2706046,-3.6570544,-3.5272884,-2.7951393,-3.0156696,-2.7938082,-2.71533,-3.0008442,-2.6899514,-2.9009976,-2.5879364,-2.6157837,-2.645293,-2.5396042,-2.663477,-2.6318524,-2.432565,-2.6782885,-2.5093338,-2.7606416
S,-4.1095085,-2.209577,-2.325278,-2.3688354,-2.238934,-2.5317144,-2.4925475,-2.0297842,-2.2712908,-2.1769526,-2.374494,-2.4532013,-2.3467968,-2.257421,-2.3031964,-2.2344418,-2.4061742,-2.2576938,-2.3527389,-2.3515537,-2.390374,-2.4108982,-2.4070451,-2.5322986,-2.5149786,-2.370607,-2.421716,-2.4041488,-2.421776,-2.2810533,-2.4282844,-2.2942076,-2.3336422,-2.3485355,-2.337605,-2.4347794,-2.3911407,-2.4942336,-2.4018292,-2.2161038,-2.3147492,-2.1438885,-2.4404206,-2.1631284,-2.2954433,-2.2566173,-2.3491454,-2.2768004,-2.5596733,-2.2308447,-2.3585982,-2.275149,-2.4487042,-2.2863615,-2.3496768,-2.2832537,-2.371725,-2.2859974,-2.2311368,-2.399832,-2.4615026,-2.3544374,-2.2711856,-2.359805,-2.3730688,-2.4416664,-2.376737,-2.232067,-2.4614992,-2.4964855,-2.5087218,-2.693953,-2.2713547,-2.5180442,-2.572434,-2.543122,-2.7264423,-2.7467027,-2.6907578,-2.8781443,-2.7453642,-2.3685012,-2.5434036,-2.3502965,-2.5134249,-3.1630945,-2.542175,-2.677572,-2.6952913,-2.4642255,-2.8087413,-2.3837707,-3.0315135,-2.5381427,-2.8131738,-2.3741298,-2.093898,-2.3523536,-2.388087,-2.2744217,-2.3982186,-2.5907347,-2.485483,-2.6317732,-2.3752856,-2.6585205,-2.456057,-2.6036618,-2.3777595,-2.5353541,-2.5438242,-2.4372175,-2.5479667,-2.266651,-2.3453312,-2.3872554,-2.4051542,-2.3085775,-2.4338017,-2.3859923,-2.5829678,-2.3049254,-2.8035307,-2.6248286,-2.5888138,-2.719276,-2.41236,-2.4090688,-2.4249375,-2.3903534,-2.4597087,-2.5299754,-2.612302,-2.595898,-2.5004756,-2.8579767,-2.6695437,-2.62766,-2.591595,-2.9082375,-2.608002,-2.8431268,-2.7280293,-2.569141,-2.5040336,-2.4683616,-2.511969,-2.5727363,-2.3646665,-2.6077082,-2.1853426,-2.3647919,-2.528023,-2.1251864,-2.429264,-2.3572185,-2.4083636,-2.4562788,-2.2011075,-2.5072834,-2.428768,-2.4125261,-2.3112392,-2.471523,-2.384509,-2.4237087,-2.4930522,-2.4406362,-2.5840359,-2.5216146,-2.31529,-2.443914,-2.411172,-2.4698348,-2.4077153,-2.4573267,-2.586906,-2.487779,-2.4496927,-2.4441957,-2.41988,-2.3501196,-2.2723453,-2.4356227,-2.4986105,-2.479377,-2.6198118,-2.5610285,-2.4648933,-2.5990357,-2.4326334,-2.450808,-2.4852808,-2.354134,-2.3263376,-2.5248,-2.4832125,-2.4649708,-2.3439393,-2.5742621,-2.3845758
E,-4.867362,-3.2083812,-2.897993,-3.0780857,-3.1107259,-3.048868,-3.5211225,-2.7604797,-3.0026507,-2.7958012,-3.0467062,-3.1947756,-3.0188293,-3.0462947,-2.868769,-2.738034,-3.177874,-3.0062337,-2.9920635,-3.1920056,-2.9627304,-2.9629395,-2.7428386,-3.049764,-3.1344633,-3.0773773,-2.968418,-3.187724,-2.8258767,-2.8089535,-3.2572312,-3.194453,-3.2247021,-3.0640697,-3.2666762,-3.0878198,-3.2423267,-3.2972312,-3.133745,-3.0944104,-3.1293507,-3.2453492,-3.2428799,-3.2574527,-2.9580638,-3.0277877,-3.1510432,-3.1533864,-3.3444674,-3.0799408,-3.174371,-3.2939095,-3.0638502,-3.2015886,-2.8023949,-3.1917527,-3.2157779,-3.1259081,-3.0122395,-3.2459745,-3.1717596,-3.3158917,-2.945129,-3.0478725,-3.2236977,-3.2553442,-3.256674,-3.0906498,-3.1775393,-3.3096154,-3.0782928,-3.461637,-3.2176037,-3.3205824,-3.147697,-3.2330785,-3.542995,-3.4768162,-3.4428983,-3.9019551,-3.450881,-3.42058,-3.5086963,-3.2918086,-3.5434518,-3.675377,-3.5430853,-3.6706219,-3.5716343,-3.4641466,-3.6727939,-3.238641,-3.9837592,-3.1984925,-3.986459,-3.2849503,-2.9158704,-3.0983348,-3.4566276,-2.8629653,-2.8463454,-3.0832562,-2.9867477,-3.3877783,-2.9821525,-3.4169848,-3.1792498,-3.2423742,-3.2511253,-3.242511,-3.52826,-3.178381,-3.3699102,-3.4523358,-3.4282594,-3.2740638,-3.0704274,-3.0680912,-3.245153,-3.1848679,-3.3633308,-3.2359142,-3.5710568,-3.3586917,-3.3069634,-3.178471,-3.1684194,-3.2076576,-2.816925,-2.899674,-3.063548,-3.2738416,-3.0874326,-3.1330805,-3.1989532,-3.6782527,-3.07372,-3.465229,-3.1827555,-3.7248988,-3.3131003,-3.4847062,-3.5233078,-3.3751788,-3.3542051,-3.4361172,-3.240735,-3.2666688,-3.2907844,-3.387331,-3.1289454,-3.3878198,-3.143917,-3.2054267,-3.1627543,-2.9627538,-3.0401514,-3.4197075,-3.1873734,-3.3122406,-2.9065847,-3.2833617,-3.2895224,-3.3465996,-3.5047202,-3.2091656,-3.4895034,-3.3291557,-3.614891,-3.2416542,-3.3542428,-3.3944385,-3.3353617,-3.1497426,-3.1991434,-3.0675359,-2.8739848,-2.8640924,-2.7523336,-3.0606098,-2.2922187,-2.9757981,-2.6247618,-2.772722,-2.933652,-2.7892582,-2.9627483,-2.9360735,-2.80912,-3.0724406,-2.9989114,-3.0567305,-3.0728776,-3.3044248,-3.2250276,-3.0185308,-3.1809173,-3.336128,-3.4223511,-3.3625112,-3.2080483
R,-4.828084,-3.4147348,-2.9972458,-3.2730744,-3.1852517,-3.2016647,-3.5318081,-3.5290284,-3.310245,-3.4907908,-3.170624,-3.2947896,-3.250565,-3.286703,-3.2872076,-3.4401395,-3.420178,-3.1961143,-3.252076,-3.2960024,-3.3918443,-3.1278274,-3.3794217,-3.151591,-3.5161214,-3.3904207,-3.4407516,-3.5268283,-3.1987152,-3.2969825,-3.4412796,-3.5172515,-3.3416,-3.2537212,-3.5433664,-3.1243148,-3.279676,-3.2754676,-3.1745646,-3.0487885,-3.2618585,-3.5010247,-2.7846813,-3.466872,-3.1174629,-3.19209,-3.3621619,-2.9418445,-3.1639495,-3.3252158,-3.0775115,-3.441607,-3.2425828,-3.3962274,-3.4847062,-3.3915946,-3.3800974,-3.2395105,-3.0080543,-3.2976727,-3.0993352,-3.229745,-2.9569335,-3.2846584,-3.306264,-3.331093,-3.1866064,-3.1370614,-3.1030705,-3.3033047,-3.006484,-3.0230486,-3.2006326,-3.1707816,-3.3255186,-3.2698863,-3.35401,-3.322559,-3.209165,-3.6444643,-3.2711964,-3.435434,-3.5051486,-3.5960472,-3.5217807,-3.6329541,-3.3584738,-3.495521,-3.5481834,-3.449614,-3.608204,-2.9575102,-3.8082254,-2.9198844,-3.520978,-3.2719376,-3.3316765,-3.4453754,-3.6366615,-2.9001613,-2.8580036,-3.0113046,-2.8548365,-3.3807652,-2.7779408,-3.164975,-2.7480452,-3.1403432,-3.2553124,-3.1841834,-3.4105902,-3.3085077,-3.3637178,-3.3598144,-3.493897,-3.3799024,-3.1839359,-3.065514,-3.1577914,-2.9854856,-3.300685,-2.6604571,-3.3303103,-3.0106742,-3.193934,-2.9733143,-3.0331004,-3.067898,-3.069892,-3.483535,-3.6009789,-3.3428857,-3.2176127,-3.7677217,-3.2823515,-3.573359,-3.1615293,-3.5014396,-3.1053169,-3.4499466,-3.243537,-3.4317465,-3.1921024,-2.9928806,-3.287474,-3.3911662,-3.266684,-3.3300576,-3.2868958,-3.4255161,-3.3356843,-3.2432127,-3.351953,-3.4927588,-3.1008153,-3.0744967,-2.855175,-3.0342202,-3.07986,-3.2519808,-2.61058,-3.3636231,-3.1853113,-3.0623326,-3.3840003,-2.80442,-3.4844294,-3.1120336,-3.2929606,-3.3077836,-3.4871318,-3.521708,-3.5023806,-3.3200083,-3.2891982,-3.1281133,-3.081694,-3.2627127,-3.000293,-3.1270764,-2.9558103,-3.0984962,-2.7080455,-2.8626604,-3.0753255,-2.6806455,-3.0512152,-2.9237547,-3.1046975,-2.9721065,-3.3129292,-3.3261118,-3.3365533,-3.4306033,-3.5413852,-3.1957269,-3.0163157,-3.292983,-3.2152257,-3.05662,-3.0052214
T,-4.2286906,-2.3729503,-2.579144,-2.633294,-2.2908447,-2.5368836,-2.9176533,-2.5341127,-2.5780084,-2.3452113,-2.317851,-2.5111434,-2.5888822,-2.5645213,-2.4209237,-2.5007653,-2.5532446,-2.6330764,-2.5618548,-2.6504285,-2.489477,-2.6736248,-2.6273432,-2.806179,-2.7863274,-2.1920917,-2.416957,-2.7012753,-2.6221187,-2.7037249,-2.6290162,-2.2264931,-2.6177993,-2.7159576,-2.6770313,-2.7132075,-2.585829,-2.489549,-2.6402993,-2.677391,-2.6116009,-1.9414945,-2.5415516,-2.5022259,-2.5645175,-2.6695857,-2.651645,-2.4909227,-2.76034,-2.3900242,-2.7723327,-2.553658,-2.4493442,-2.6876109,-2.484582,-2.4169042,-2.4801211,-2.589714,-2.6096096,-2.356103,-2.518639,-2.6933563,-2.653608,-2.6830645,-2.6121895,-2.3000646,-2.7323549,-2.6449323,-2.842118,-2.6746244,-2.5183616,-2.88419,-2.4457974,-2.787804,-2.7431648,-2.5647397,-2.5988522,-2.5003757,-2.6811705,-2.7918458,-2.7365942,-2.5458004,-2.711092,-2.572511,-2.672439,-2.881257,-2.4714398,-2.6699276,-2.4780285,-2.6398418,-2.9517038,-2.2431393,-3.0311582,-2.099213,-2.8475094,-2.4069455,-2.5328383,-2.7058656,-2.5333364,-2.6197598,-2.8087344,-2.7553456,-2.6363757,-2.737114,-2.5106122,-2.7819939,-2.5603294,-2.7774034,-2.2394898,-2.632033,-2.6219316,-2.4887767,-2.7100058,-2.4640827,-2.383624,-2.5301957,-2.5854452,-2.5358875,-2.5259228,-2.5437894,-2.6646495,-2.1867177,-2.956841,-2.779049,-2.7131495,-2.7748423,-2.8173409,-2.731029,-2.6979418,-2.6131892,-2.728325,-2.3760662,-2.6507804,-2.6292613,-2.5352042,-2.7875457,-2.5389943,-2.827369,-2.675708,-3.055277,-2.5819454,-2.7333703,-2.7654955,-2.6433427,-2.7539265,-2.5741696,-2.7846882,-2.5858498,-2.4504704,-2.6289535,-2.4441595,-2.561401,-2.5797997,-2.3920975,-2.5791712,-2.6618662,-2.6168184,-2.6607885,-1.9896343,-2.664049,-2.6621385,-2.6596603,-2.5136094,-2.7072852,-2.650439,-2.467414,-2.660448,-2.5375552,-2.7147403,-2.649547,-2.5309167,-2.611359,-2.4776728,-2.5245006,-2.551571,-2.5461235,-2.7225618,-2.861059,-2.8040118,-2.9460611,-2.6729674,-2.9605522,-2.6515927,-2.9948792,-2.915631,-2.7769363,-2.890932,-2.7086542,-2.7346892,-2.8074841,-2.521686,-2.6744668,-2.6487331,-2.5437539,-2.1762946,-2.6230366,-2.7177987,-2.6741776,-2.5187244,-2.6204214,-2.6964116
I,-4.467674,-2.9346552,-3.1381586,-2.986406,-3.0780406,-2.8303382,-2.9063969,-3.4084415,-3.196192,-3.5292666,-3.0291781,-2.913979,-3.4422235,-3.1635497,-3.321072,-3.592277,-3.052999,-3.221527,-3.3431973,-2.9946976,-3.11879,-3.162132,-3.08225,-3.1663303,-2.8963935,-2.985085,-3.0325212,-2.8943992,-3.0771613,-3.1632557,-2.8898635,-3.092698,-2.8540573,-3.358697,-2.9806266,-3.1341357,-3.0187864,-2.9216132,-3.2460055,-3.7213001,-3.34031,-3.2319365,-3.1828375,-3.1223946,-3.3365743,-3.3339272,-3.0459404,-3.4295666,-2.6665924,-3.198466,-3.203064,-2.8415322,-3.037624,-3.0796945,-2.956605,-3.1019979,-2.909978,-3.0815532,-3.4115913,-2.8769214,-3.0002904,-3.1129875,-3.3623283,-3.3369212,-2.904787,-3.1189039,-3.0642889,-3.5969248,-3.043708,-2.7269871,-2.836365,-2.7419262,-3.2479582,-2.7823613,-2.7873106,-2.7636752,-2.3531518,-2.4596906,-2.57635,-2.3410516,-2.5484817,-2.7474575,-2.6035185,-2.766831,-2.6584604,-1.9803773,-2.6578116,-2.4352386,-2.3937392,-2.4901452,-2.3848004,-2.7389057,-2.0881538,-2.984763,-2.3483305,-2.8937564,-3.2626228,-3.5567138,-2.8248296,-3.3198318,-3.470714,-2.9842815,-3.0729532,-2.5157247,-3.2597384,-2.4999902,-3.0983224,-2.658988,-3.0568633,-2.8769245,-2.862518,-2.898826,-2.7166889,-2.8989074,-2.967544,-2.9021032,-2.9866323,-3.2614903,-3.0636559,-3.047696,-2.7272184,-3.0920987,-2.4253678,-2.8494887,-2.672851,-2.9106228,-3.0275738,-3.0728574,-3.2303019,-3.2771142,-3.1838267,-2.837206,-2.621885,-2.6148314,-2.7418225,-2.3709471,-2.5821815,-2.5021415,-2.717643,-2.5492125,-2.8710902,-2.385327,-2.54838,-2.9672751,-2.7383082,-2.708631,-2.7324388,-2.6435783,-2.8278036,-2.6389887,-3.1816356,-2.8497145,-2.839827,-3.3503227,-3.1199033,-3.276393,-3.2627478,-3.110567,-3.3233743,-2.801452,-3.5528007,-2.822698,-3.1006196,-2.8297894,-2.6741314,-3.0254564,-2.7451239,-2.8421345,-2.598514,-2.7924044,-3.0155697,-2.7280161,-2.9996276,-2.8788776,-3.0586407,-2.9425557,-3.231988,-3.1104155,-3.801363,-3.4066887,-3.8415601,-3.490401,-4.170183,-4.034514,-3.13402,-3.337977,-3.1807795,-3.0261357,-3.503983,-2.9358373,-3.1933243,-2.8173368,-2.9306157,-2.8302078,-2.77356,-2.8873913,-2.7506022,-2.6306143,-2.7573018,-2.4867094,-2.7656293
D,-4.57701,-3.031173,-2.7874455,-2.8890753,-2.894043,-3.000717,-2.9911764,-2.5222082,-2.60945,-2.6611238,-2.855083,-2.997738,-2.1631346,-2.8859563,-2.5507095,-2.2380462,-2.577216,-2.682374,-2.4648986,-2.8202786,-2.595841,-2.4373002,-2.4412818,-2.4097686,-2.7770224,-2.678305,-2.351595,-2.7457492,-2.7209647,-2.5127654,-2.8949125,-2.7985423,-2.8411653,-2.4840782,-2.8938487,-2.7972853,-2.8845444,-2.884528,-2.7903795,-2.5443912,-2.520989,-2.8149147,-2.5419168,-2.7218032,-2.7155373,-2.6042976,-2.9626598,-2.7391787,-3.1372852,-2.4114528,-2.638743,-2.8005652,-2.487134,-2.7647676,-2.6551623,-2.8309433,-2.924354,-2.7049713,-2.6845212,-2.992361,-2.6453445,-2.842706,-2.6454804,-2.5043857,-2.8375452,-2.7944384,-2.6442087,-2.5172122,-2.7098088,-2.990212,-3.0088453,-3.413446,-2.7377057,-2.858137,-2.8327467,-3.0031834,-3.411744,-3.5384977,-3.2872114,-3.497834,-3.3241,-2.7971275,-2.8117754,-3.3160892,-2.9154024,-3.900308,-3.3270712,-3.2184486,-3.3874152,-3.3112695,-3.4612846,-3.3098814,-3.763503,-2.9916472,-3.2556229,-3.0078282,-2.71679,-2.4074805,-3.3568573,-2.6164677,-2.5929935,-2.8847928,-3.1658976,-3.188479,-2.822084,-3.3105721,-2.9132664,-2.8576736,-2.9561973,-2.949575,-2.8211174,-2.8426633,-3.128438,-3.080353,-2.8001196,-2.7090902,-2.8383522,-2.750517,-2.9783316,-2.8696582,-2.9983149,-3.207913,-3.4082747,-3.0923314,-2.9648619,-2.8618956,-2.5306616,-2.5825057,-2.4196587,-2.305642,-2.6458416,-2.9796205,-2.9731185,-2.844652,-3.0754066,-3.508915,-3.188983,-3.1670475,-3.2894344,-3.5241358,-3.16297,-3.4092503,-3.5185895,-3.1710896,-2.9823503,-3.0657248,-3.1275828,-3.086712,-2.8772602,-3.30268,-2.7636738,-3.1104367,-3.1173096,-2.522407,-2.8660314,-2.7775757,-2.74494,-3.1478767,-2.841439,-2.9989972,-2.640421,-2.907487,-2.9509656,-3.1275194,-3.0329432,-3.0677288,-3.074223,-2.566782,-3.1525652,-3.037929,-2.886754,-3.0025387,-2.867278,-2.7466989,-2.8793764,-2.7443514,-2.5288124,-2.513363,-2.1230218,-2.241386,-2.1669164,-2.280719,-2.164053,-2.2450502,-2.422618,-2.4427972,-2.66447,-2.8447905,-2.4764276,-2.5681844,-2.557821,-2.9561803,-2.9158678,-3.003579,-3.260188,-2.9214895,-3.2897239,-3.197005,-3.243682,-3.4433653,-3.211465
P,-4.67948,-2.761282,-2.8842564,-2.9594767,-2.8420377,-2.8609953,-3.6034708,-2.9044127,-2.9810524,-3.3910096,-2.8873646,-2.865604,-2.8102744,-2.8583956,-2.9183846,-3.2393737,-2.8562403,-2.9847848,-2.9218302,-3.2185783,-2.9586318,-3.1371174,-3.1130552,-3.3432972,-2.971348,-3.5269952,-3.101327,-2.9469578,-2.9162838,-3.2174788,-2.937861,-2.2982886,-3.0955884,-2.7328813,-3.0627801,-2.7723734,-3.2077436,-2.8299227,-2.5405023,-2.4140968,-2.721621,-2.95589,-3.0069168,-2.9651432,-2.8854249,-3.049021,-3.0613036,-2.8121638,-3.059421,-2.8322358,-2.7649703,-3.1462085,-2.9764497,-3.1818137,-3.0496647,-2.8867176,-2.7535896,-2.7743454,-2.7309122,-2.8386908,-3.0460997,-2.4103463,-3.0607104,-2.6445124,-2.8861027,-2.700368,-2.768385,-2.586868,-3.138532,-3.1836917,-3.3104599,-3.0284772,-2.9806244,-2.9042912,-3.5869775,-3.127503,-3.3002448,-3.3735821,-3.1819122,-3.0070214,-2.8411324,-3.1170444,-3.1458814,-3.3233464,-2.9374037,-3.6359212,-3.457673,-2.919503,-3.3226442,-3.467023,-2.806499,-3.4754386,-3.215512,-2.8835473,-3.23412,-2.6515253,-2.9492054,-3.2363377,-3.1234112,-3.155635,-3.074531,-3.5087094,-3.304327,-3.3439786,-3.2213726,-3.1049938,-3.4755995,-2.984603,-3.0930037,-2.9608927,-2.294834,-2.7531035,-2.8291006,-2.8602104,-2.993938,-2.8090892,-3.2305548,-3.3629055,-2.7453713,-3.0359478,-3.254214,-3.561483,-3.6287386,-3.126859,-3.4735997,-3.1300793,-2.9127378,-3.0508738,-2.9939334,-3.0495448,-3.0908284,-2.8743887,-2.965236,-3.4766712,-3.0673678,-3.3975205,-2.996708,-3.1420174,-3.200417,-3.6671176,-3.310704,-3.5185707,-3.456619,-2.8649411,-3.0639744,-3.0446804,-3.695037,-3.3059788,-3.1439614,-2.6383061,-2.694684,-2.82836,-2.7452378,-2.7733235,-2.88375,-3.5907276,-3.0603824,-3.0993905,-2.785976,-3.1250298,-3.0202386,-3.101024,-2.9676597,-3.1183968,-3.1182528,-3.1994362,-3.1732335,-3.1628199,-3.1426346,-2.693999,-2.8611588,-2.5560443,-3.0112896,-2.8994014,-3.0835261,-3.2202244,-2.8555229,-3.0768185,-2.7075663,-2.7232635,-2.90004,-2.5061102,-2.9824793,-2.3985085,-2.759838,-2.8869085,-2.7159383,-2.8596966,-2.473678,-2.8607776,-2.7983255,-2.9412093,-2.7069023,-2.9097805,-2.7067838,-2.5065465,-3.1671033,-2.8704188,-2.623154,-2.777998,-3.1048894
K,-4.4927707,-3.0521483,-2.7662609,-2.928347,-2.719539,-2.8120198,-3.6524591,-2.806054,-3.1389718,-2.9386377,-2.8940856,-3.0257516,-3.1225405,-3.1369734,-2.9438934,-2.9971166,-3.1796236,-3.0423646,-3.1104848,-3.151661,-3.2154756,-3.103809,-3.0872974,-3.06242,-3.288863,-3.1812959,-3.0900645,-3.3513668,-3.0230072,-3.041078,-3.153041,-3.154838,-3.0468838,-3.0482516,-3.1524324,-3.0213363,-2.7998612,-3.0061302,-2.8234432,-2.9361658,-3.0333495,-3.0560856,-2.97998,-3.0363815,-2.7558484,-3.096364,-3.0980325,-2.9830246,-2.8938296,-3.0664346,-2.9084744,-3.0642242,-2.7226028,-3.1543527,-3.079002,-3.0138745,-3.1306047,-2.864254,-2.922478,-2.9713817,-2.8521216,-2.931805,-2.866863,-3.0395176,-3.0685372,-2.9681225,-3.002604,-2.9036984,-2.9938107,-3.0167654,-3.0081704,-2.8415718,-2.989148,-2.975118,-2.9291244,-3.0575523,-3.215011,-3.0068066,-3.1061735,-3.5843158,-3.0457077,-3.1595788,-3.186175,-2.9977126,-3.3228881,-3.3419123,-3.1956933,-3.490549,-3.2596526,-3.330924,-3.2701523,-3.044007,-3.5619485,-2.7642524,-3.379287,-3.095823,-2.569423,-3.010097,-3.0520196,-2.532368,-2.7232842,-2.6642342,-2.9383173,-3.296627,-2.8621366,-3.177731,-2.7151208,-3.0241673,-2.961996,-3.019908,-3.0603647,-3.0159109,-3.0391655,-3.1516547,-3.115898,-3.021744,-2.7627409,-2.7224016,-2.9472392,-3.0081885,-3.2472239,-2.7827039,-3.3729,-3.015091,-3.37729,-2.967262,-2.8049483,-2.9467804,-2.9153504,-3.0142298,-3.1464486,-2.9732895,-3.1764045,-3.4380312,-3.1938403,-3.2393723,-3.1403513,-3.3433907,-3.111368,-3.312808,-3.2026517,-3.4440048,-3.1858358,-2.8864818,-3.1835706,-3.1416392,-2.9609468,-2.7525358,-2.8732688,-3.075999,-2.8981347,-2.907949,-2.7164912,-2.993768,-2.9024732,-2.5232189,-2.9406629,-3.1748765,-2.9554877,-3.1771967,-2.809484,-3.2361436,-3.0485287,-3.0476158,-3.3762412,-3.0171561,-3.2199945,-3.0212085,-3.253717,-3.0187066,-3.1515267,-3.3054013,-2.959275,-3.020868,-2.8148022,-3.003854,-3.0831466,-3.1454566,-2.865138,-3.14609,-2.8933,-2.9242532,-2.5344934,-2.867591,-2.882974,-2.757329,-2.786007,-2.666772,-2.6478734,-2.7497554,-2.833101,-2.8455176,-2.9562435,-2.9627595,-2.938233,-2.7978485,-2.7421815,-3.060953,-2.9890003,-2.8213892,-2.5106661
Q,-5.0443482,-3.2620964,-3.1530278,-3.2443392,-3.1199107,-3.0329638,-3.7274141,-3.2856586,-3.3950644,-2.918939,-3.229216,-3.3361592,-3.334344,-3.2134764,-3.1962383,-2.8062613,-3.3506508,-3.1681066,-3.1265497,-3.201088,-3.2777433,-3.1641037,-3.3137753,-3.211574,-3.4829125,-3.1926072,-3.2773185,-3.429344,-3.1840005,-3.0738962,-3.435392,-3.424541,-3.4445505,-3.2486129,-3.4196296,-3.1420572,-3.2538352,-3.256033,-3.234377,-3.1157227,-3.260687,-3.3412483,-3.2720656,-3.3122592,-2.9621992,-3.1756938,-3.2717943,-3.1174943,-3.1714098,-3.3186922,-3.3025413,-3.3703327,-3.1911728,-3.3940082,-3.218998,-3.2309437,-3.3450727,-3.3098698,-2.9452934,-3.2871492,-3.228019,-3.34294,-3.1522694,-3.257611,-3.2663693,-3.365518,-3.330511,-3.1559181,-3.3113852,-3.430239,-3.2700567,-3.3893054,-3.4201446,-3.4818232,-3.3779302,-3.3510578,-3.5536542,-3.4472256,-3.4614282,-3.6999574,-3.3625846,-3.5505898,-3.5543773,-3.3529124,-3.5843248,-3.662788,-3.3776705,-3.6695943,-3.6550207,-3.5296543,-3.737852,-3.2902608,-3.8499787,-3.1357212,-3.7307587,-3.5754051,-3.2627,-3.5015533,-3.3682477,-3.1569805,-3.1450124,-3.1249936,-3.1599343,-3.4606874,-2.9573717,-3.546643,-3.0950274,-3.417121,-3.289502,-3.4051025,-3.5104883,-3.2824829,-3.4170487,-3.3637002,-3.474289,-3.4323092,-3.2541997,-3.1097627,-3.289014,-3.1877103,-3.3896847,-3.144822,-3.564952,-3.2840748,-3.5277143,-3.3780198,-3.3789802,-3.4365387,-3.3549705,-3.410153,-3.444672,-3.2686944,-3.3619814,-3.6176484,-3.4002357,-3.577781,-3.3011198,-3.6451046,-3.369704,-3.70804,-3.322596,-3.5383146,-3.416315,-3.2621946,-3.448162,-3.4496405,-3.263889,-3.1918445,-3.3040283,-3.4296682,-3.3037205,-3.317403,-3.199239,-3.34277,-3.2095237,-2.86343,-3.1558182,-3.1097865,-3.1809049,-3.2307203,-2.9254856,-3.2671099,-3.2471218,-3.1332076,-3.3533735,-3.0527024,-3.2381089,-3.2581644,-3.3522434,-3.270685,-3.3403878,-3.3429084,-3.227811,-3.2636497,-3.1892207,-3.1548367,-3.1321216,-3.1796994,-2.971393,-3.3812275,-2.9793286,-3.3484516,-3.0109131,-3.2377596,-3.3975863,-3.1172373,-3.2038708,-3.1250799,-3.1575384,-3.1241894,-3.4295104,-3.3612816,-3.4018414,-3.3924155,-3.5114117,-3.2648704,-3.4227734,-3.4141898,-3.4060307,-3.4230773,-3.3975086
N,-4.3164244,-2.741257,-2.5786858,-2.7741222,-2.590742,-2.667057,-2.7129931,-2.4836187,-2.620974,-2.7689235,-2.6138918,-2.8218234,-2.2982302,-2.5770812,-2.6053731,-2.4674459,-2.4695807,-2.5746593,-2.501088,-2.6800203,-2.706549,-2.5302627,-2.6106443,-2.4402964,-2.5731435,-2.6132085,-2.4301863,-2.666649,-2.7440896,-2.6462312,-2.6477866,-2.773451,-2.6754067,-2.4743986,-2.5878885,-2.6816893,-2.6345155,-2.6538115,-2.6171575,-2.4185297,-2.4338293,-2.6496444,-2.5734637,-2.459547,-2.6155214,-2.4662025,-2.8113995,-2.5719209,-2.7575696,-2.5574906,-2.419275,-2.5566459,-2.4437008,-2.5432248,-2.6922178,-2.542727,-2.5827007,-2.615275,-2.4679437,-2.7343102,-2.635509,-2.6863503,-2.6059864,-2.5603428,-2.605893,-2.6047628,-2.4871442,-2.3816936,-2.6112154,-2.8281727,-2.8639588,-2.9915712,-2.3697245,-2.7302275,-2.6511202,-2.7508652,-2.94308,-3.167274,-2.9716148,-3.0466719,-2.9262395,-2.587042,-2.6188931,-2.9386077,-2.6610074,-3.5569563,-2.8826833,-3.0196397,-3.1124034,-3.0255623,-3.2410002,-3.0358243,-3.4328647,-2.8138316,-2.6368773,-2.8202252,-2.6198778,-2.0292268,-3.0946622,-2.4884841,-2.4096801,-2.6529408,-3.0061178,-3.0586143,-2.6732283,-3.1877003,-2.7026312,-2.7809234,-2.7731888,-2.8323147,-2.7624025,-2.663168,-2.7720728,-2.6026862,-2.425602,-2.5292609,-2.5896795,-2.3930442,-2.618479,-2.6186452,-2.7876728,-2.8645983,-3.2031746,-2.9324083,-2.937751,-2.9534507,-2.6461809,-2.5792131,-2.453049,-2.5548644,-2.6059558,-2.766368,-2.8573341,-2.7174697,-2.882983,-3.1072116,-3.0468233,-2.8765373,-3.138921,-3.3377204,-2.981321,-3.1373894,-3.1466079,-2.8162668,-2.7312636,-2.8996987,-2.8853273,-2.8532286,-2.7493637,-2.960496,-2.6808898,-2.761738,-2.793055,-2.4003,-2.5645566,-2.5472841,-2.6939015,-2.7028198,-2.7189546,-2.815741,-2.6245847,-2.6410985,-2.6669211,-2.6753528,-2.7554789,-2.8078322,-2.671259,-2.6936054,-2.8798103,-2.7932959,-2.6648345,-2.687775,-2.4971383,-2.6011667,-2.4956295,-2.666868,-2.5043645,-2.530261,-2.4141355,-2.2831044,-2.589515,-2.3540535,-2.4946787,-2.6343904,-2.5654027,-2.7862785,-2.620343,-2.8362951,-2.5578976,-2.627405,-2.2722378,-2.776582,-2.9411068,-2.850251,-3.064068,-2.9557226,-3.0057411,-3.06662,-2.8394258,-3.0828867,-2.835204
F,-4.5769944,-3.1726978,-3.2143784,-2.937821,-3.300449,-3.1812074,-2.6368468,-3.6714458,-3.1164432,-3.1477706,-3.3098762,-3.038078,-3.3771493,-3.2453597,-3.3554435,-3.559281,-3.0694237,-3.194511,-3.256074,-2.9575548,-3.1530666,-3.1069355,-3.1360579,-3.1471143,-3.1555033,-3.0203714,-3.2210612,-2.8006194,-3.1713254,-3.1354232,-2.9896345,-3.1764038,-2.8185961,-3.2897294,-2.9361832,-3.0848951,-3.1003172,-2.9958103,-3.204816,-3.4986186,-3.4006495,-3.2670703,-3.364377,-3.2515802,-3.3751411,-3.3035095,-3.0509,-3.3206415,-2.8052778,-3.236197,-3.061935,-2.919502,-3.2882745,-3.0632224,-3.0979497,-3.2414565,-3.050743,-3.0873976,-3.4115005,-3.042077,-3.1953092,-3.1798496,-3.1955876,-3.310735,-3.0380795,-3.1534753,-3.0893314,-3.4775822,-3.128581,-2.7790043,-2.9798045,-2.7162898,-3.2017899,-2.7712357,-2.7680092,-2.8423412,-2.630742,-2.6292427,-2.597102,-2.615437,-2.6780322,-2.8560102,-2.7301722,-2.7116632,-2.675993,-2.3402758,-2.6866298,-2.6299517,-2.5621223,-2.5706306,-2.3953755,-2.8432612,-2.1611705,-3.2180033,-2.6901646,-2.9965963,-3.3573928,-3.7207754,-2.7701275,-3.4954123,-3.3931315,-2.8572555,-2.8536842,-2.651679,-3.2070801,-2.5718737,-3.161428,-2.8704264,-3.0554366,-2.8856943,-2.9533627,-3.018843,-2.8226082,-3.0523725,-3.0646698,-3.037591,-3.0536134,-3.276106,-3.093766,-3.0761757,-2.950347,-3.1576953,-2.6919794,-2.7808888,-2.8281374,-2.8373585,-3.008626,-3.1290057,-3.3262887,-3.356679,-3.1994042,-3.1746383,-2.9514232,-2.846204,-2.8650033,-2.335976,-2.8799846,-2.5562687,-2.7168825,-2.308402,-2.7387094,-2.4299269,-2.485277,-2.874657,-2.671213,-2.7260547,-2.6627915,-2.883002,-3.0370226,-2.8972902,-3.1530957,-3.0600948,-3.0899823,-3.4166555,-3.1203725,-3.2894182,-3.2282336,-2.9397237,-3.3596404,-2.8561406,-3.5083187,-2.9606712,-3.1797214,-2.9043887,-2.6983747,-3.0308886,-2.8275862,-3.0703983,-2.7804275,-3.0379474,-2.9372146,-2.9624572,-3.069635,-3.0472033,-3.1979713,-3.1063967,-3.2444725,-2.9752896,-3.4960115,-3.3111157,-3.5288687,-3.52517,-3.8243513,-3.8346286,-3.1821232,-3.2825892,-3.3577893,-3.2090554,-3.5894668,-3.333034,-3.2829337,-3.0175676,-3.0655744,-2.966104,-2.9519923,-3.0836904,-2.9033735,-2.888865,-3.0533733,-3.0141582,-3.037053
Y,-4.609607,-3.2411923,-3.204675,-3.1972823,-3.1373231,-3.0966318,-2.8232515,-3.5715468,-3.102415,-2.8960598,-2.9697237,-2.8941214,-3.1750386,-3.3484664,-3.2631176,-3.3452744,-2.9788775,-3.0203474,-3.0671415,-3.0268364,-3.0690675,-3.064208,-3.1037939,-2.9960098,-3.347063,-3.241454,-3.0395198,-2.9163747,-2.9481573,-3.2131445,-3.0535574,-3.1339884,-2.766351,-3.1953137,-3.1381743,-3.1494236,-2.9395742,-2.9323866,-3.2015986,-3.4377377,-3.2813776,-3.252181,-3.1336546,-3.132327,-3.2475908,-3.1489136,-3.0281372,-2.9551563,-3.0920453,-3.153274,-3.1608148,-2.9160194,-3.1600554,-3.163816,-3.165094,-3.0910997,-2.9615002,-3.117387,-3.195332,-3.0098162,-2.9392037,-3.1474347,-2.9854553,-3.2353837,-3.020908,-3.0968552,-3.0387704,-3.201396,-3.1321993,-2.9740367,-2.834142,-2.6893802,-2.96901,-3.1357048,-2.973327,-2.8878784,-2.6412928,-2.616803,-2.8277829,-2.809931,-2.735542,-3.0220294,-2.9592035,-2.7844117,-2.7598252,-2.6889505,-2.6930563,-2.6498497,-2.4889314,-2.7994523,-2.6773703,-2.7107568,-2.594501,-2.8292906,-2.8199363,-2.8493898,-3.4321992,-3.2771502,-2.9456291,-2.8906562,-3.0023005,-3.0392451,-2.5947819,-2.7794888,-2.9151053,-2.7933621,-2.884706,-2.97136,-2.9754176,-2.6980019,-2.8652005,-2.9919517,-2.9371812,-3.0112557,-2.846922,-2.9211059,-2.847578,-2.8568969,-2.884274,-2.7816415,-2.7230177,-2.7751493,-2.9180856,-3.0102305,-2.8045218,-2.5876205,-3.094863,-3.0457628,-3.1463406,-3.1926374,-3.238833,-3.1009336,-2.8110044,-2.962341,-2.685361,-2.5856495,-2.7996724,-2.776847,-2.6884787,-2.7137642,-2.619854,-2.583584,-2.5140507,-2.857289,-2.6848912,-2.824465,-2.6228113,-2.8580241,-2.8405817,-2.9287262,-3.0829086,-3.0488586,-3.0235567,-3.2844741,-2.91571,-3.045549,-2.6764324,-2.548147,-3.126655,-2.767177,-3.0407789,-2.86673,-2.879344,-2.9161074,-2.9493294,-2.7995229,-2.6062295,-2.828386,-2.7920403,-2.8730779,-2.9235945,-2.9653146,-2.8164473,-2.8690767,-3.040559,-2.8790717,-2.9867747,-3.124646,-3.0974972,-3.1608627,-3.1503022,-3.5229902,-3.485203,-3.640483,-3.2511415,-3.2284725,-3.1480165,-2.8476644,-3.2832677,-3.251574,-3.2842014,-3.0279913,-2.9439335,-2.9066887,-2.9917161,-3.1961448,-3.0462432,-2.9659495,-3.0140014,-3.1314797,-3.3098712
M,-0.22780359,-4.582222,-4.5325594,-4.3492074,-4.635109,-4.324442,-4.373744,-5.0001373,-4.5810246,-4.4275465,-4.496832,-4.250274,-4.6311464,-4.5236645,-4.4817495,-4.6875906,-4.2591286,-4.43034,-4.4280624,-4.367122,-4.3570023,-4.458885,-4.4668455,-4.017752,-4.500824,-4.1542974,-4.424773,-4.2866683,-4.458724,-4.467306,-4.356514,-4.5092564,-4.412761,-4.545665,-4.3209605,-4.292165,-4.569874,-4.4563994,-4.306842,-4.7840214,-4.5120068,-4.59569,-4.610093,-4.569377,-4.400504,-4.429201,-4.213314,-4.4656305,-4.072111,-4.4705167,-4.5044403,-4.4044657,-4.290632,-4.6015506,-4.5386643,-4.4995785,-4.4589067,-4.427985,-4.544995,-4.2882185,-4.360269,-4.2899947,-4.4217787,-4.364218,-4.350094,-4.4069924,-4.3626466,-4.470184,-4.161873,-4.0412316,-4.247658,-4.0258927,-4.3981595,-3.9835668,-4.085441,-4.1780605,-3.9940088,-4.033018,-3.971298,-4.0447297,-4.1180687,-4.296647,-4.1820383,-4.169668,-4.3482046,-3.9522464,-4.2062373,-4.2054176,-4.3177934,-4.2011337,-4.1050234,-4.328882,-4.0415597,-4.381151,-3.7266712,-4.2598557,-4.5516295,-4.78727,-4.026001,-4.4525433,-4.50867,-3.92474,-4.0497456,-3.8450418,-4.3229322,-3.8462856,-4.0371757,-4.1096487,-4.308322,-4.1443615,-4.4148216,-4.303724,-4.2090135,-4.3255997,-4.457822,-4.3923607,-4.409478,-4.489518,-4.3578367,-4.2997313,-4.048834,-4.210619,-3.5274932,-3.8341694,-3.8044453,-3.864135,-4.2194867,-4.262923,-4.359797,-4.471633,-4.5839634,-4.2691727,-4.0978575,-4.164344,-4.0212874,-3.8403285,-3.8923259,-3.9993446,-3.9393873,-3.5655682,-3.831156,-3.7527394,-3.9719253,-4.094013,-4.0530806,-3.9684572,-3.8903313,-4.0528536,-4.23993,-4.256882,-4.4894133,-4.3258076,-4.2884045,-4.6603856,-4.2632017,-4.2403917,-4.3190756,-4.179571,-4.4050713,-4.031233,-4.171852,-3.9824686,-4.166134,-3.9760506,-4.1259933,-4.177833,-4.1303825,-4.210843,-3.9212508,-4.2990155,-4.3988028,-4.239904,-4.4931116,-4.3866863,-4.2954473,-4.1959133,-4.142138,-4.1168284,-4.5616846,-4.282287,-4.4927583,-4.4458885,-4.437321,-4.6466618,-4.1978016,-4.2836633,-4.2432046,-4.296126,-4.5501804,-4.23177,-4.3055773,-4.228344,-4.249225,-4.4431095,-4.6152935,-4.3129086,-4.174096,-4.2357397,-4.365826,-4.2199726,-4.2448425
H,-5.8325214,-4.5752554,-4.204699,-4.3045444,-4.3634596,-4.265135,-4.2813196,-4.6938367,-4.1941633,-4.080058,-4.1442294,-4.4032,-4.2363286,-4.5142155,-4.247574,-4.2800307,-4.3203793,-4.227544,-4.137362,-4.3215923,-4.2791467,-4.1398263,-4.495755,-3.8705125,-4.529417,-4.25087,-4.389712,-4.427902,-4.4240537,-4.326293,-4.504663,-4.501147,-4.4789495,-4.3148956,-4.5370135,-4.2087927,-4.437172,-4.342529,-4.368,-4.1477757,-4.3308506,-4.432254,-4.2856483,-4.4874945,-4.242484,-4.1494026,-4.3903303,-4.034071,-4.247765,-4.3269415,-4.263877,-4.5783024,-4.267187,-4.4722056,-4.5858774,-4.51561,-4.601484,-4.314497,-4.2298484,-4.4165993,-4.079071,-4.4445896,-4.14182,-4.1925054,-4.378848,-4.498059,-4.366717,-4.0780573,-4.0246058,-4.3251286,-4.301441,-4.332759,-4.25386,-4.2562532,-4.2954,-4.3958426,-4.5070486,-4.427802,-4.408056,-4.7799687,-4.375864,-4.514303,-4.516864,-4.494323,-4.5757732,-4.7999487,-4.5747147,-4.470813,-4.4292336,-4.5366497,-4.538588,-4.1662645,-4.970835,-4.1783733,-4.1254697,-4.1216774,-4.495481,-4.3097277,-4.3343067,-4.0153112,-3.8413663,-4.0150576,-4.0211945,-4.325823,-4.0134096,-4.3473406,-3.769865,-4.194235,-4.471924,-4.162046,-4.558812,-4.3661838,-4.5557337,-4.440624,-4.385398,-4.4583316,-4.4298863,-4.080508,-4.283431,-4.112277,-4.1394587,-3.9868896,-4.37048,-4.0725145,-4.1346254,-4.104352,-4.2889395,-4.2533617,-4.240227,-4.450436,-4.878733,-4.5189867,-4.4379306,-4.6343064,-4.314477,-4.5066366,-4.394094,-4.5666842,-4.3188386,-4.573618,-4.189207,-4.4068174,-4.3644567,-4.3084593,-4.3844385,-4.354411,-4.3461237,-4.4324694,-4.3464937,-4.552569,-4.329276,-4.598624,-4.5734262,-4.575598,-4.233001,-4.471627,-3.8154356,-4.08337,-4.336497,-4.1859703,-4.055725,-4.2881165,-4.2021675,-4.1438184,-4.4165344,-4.1905556,-4.514331,-4.2685695,-4.3974895,-4.4874916,-4.4026732,-4.5313377,-4.5170326,-4.279792,-4.498391,-4.198484,-4.0414424,-4.197756,-3.9361422,-3.9972186,-4.126848,-4.2180667,-4.099635,-4.0491734,-4.246343,-3.9986687,-4.178008,-4.100134,-4.582117,-4.1806717,-4.3676233,-4.403723,-4.349456,-4.4706535,-4.702714,-4.4300146,-4.5526857,-4.5599174,-4.4589167,-4.526517,-4.1643496
W,-5.809735,-4.6815844,-4.600584,-4.623555,-4.8586082,-4.829239,-4.405499,-5.1907473,-4.531846,-4.404827,-4.4111853,-4.0343904,-4.727595,-4.4554076,-4.657548,-4.8172812,-4.6369886,-4.4861126,-4.61036,-4.3470564,-4.447957,-4.3704243,-4.4747095,-4.2193775,-4.5657578,-4.6218977,-4.607315,-4.329941,-4.3862667,-4.602728,-4.348551,-4.514248,-4.4371405,-4.848484,-4.3192167,-4.583989,-4.510193,-4.287486,-4.506133,-4.8674088,-4.8104105,-4.536835,-4.6636515,-4.67233,-4.762677,-4.6446705,-4.371027,-4.4918537,-4.3622255,-4.742291,-4.4150734,-4.53801,-4.70333,-4.5395036,-4.6449304,-4.5520945,-4.4184923,-4.5833154,-4.4864526,-4.457495,-4.5250545,-4.5302386,-4.269752,-4.5523696,-4.2600517,-4.5514364,-4.5530796,-4.8669252,-4.3915935,-4.116969,-4.0832415,-3.805012,-4.342399,-4.179726,-4.197213,-4.0173864,-3.6166894,-3.895502,-3.8208978,-3.9044595,-4.1041613,-4.2257586,-4.0926247,-3.9529176,-3.8409166,-4.00677,-3.8550844,-3.7205353,-3.9626174,-4.118015,-3.694868,-3.9014757,-4.0572023,-4.3393984,-4.2785664,-4.43379,-4.992482,-4.6833615,-4.1718264,-4.599682,-4.5733137,-4.244393,-3.8976974,-4.080847,-4.4160647,-3.786196,-4.2392225,-4.0597754,-4.146309,-3.8578763,-4.1871443,-4.484619,-4.132825,-4.4260654,-4.35634,-4.423622,-4.380625,-4.425563,-4.2289295,-4.314639,-4.267683,-4.2157807,-4.027524,-4.2377987,-3.9286225,-3.8792558,-4.4225826,-4.3144298,-4.5726075,-4.458744,-4.073534,-4.697886,-4.087941,-4.185003,-3.8389666,-3.9015932,-3.8046923,-3.6859226,-3.7728832,-3.9106874,-3.7917855,-3.5363114,-3.5259404,-4.136975,-3.911437,-4.005825,-3.7314334,-4.494648,-4.2736645,-4.128458,-4.635606,-4.4736195,-4.447938,-4.817723,-4.4748163,-4.6604095,-4.2539864,-4.2231464,-4.5174303,-3.6364887,-4.3238425,-4.0949917,-4.2685504,-4.202559,-4.2176027,-4.0540133,-3.8482003,-4.3391914,-4.025037,-4.267073,-4.190408,-4.4117966,-4.3177614,-4.294259,-4.4479146,-4.393655,-4.407173,-4.430661,-4.59365,-4.488414,-4.587686,-4.7357054,-4.903645,-4.789717,-4.507609,-4.4364595,-4.5832863,-4.155757,-4.961027,-4.70345,-4.620745,-4.3754997,-4.365845,-4.232589,-4.3230414,-4.5797234,-3.8383582,-4.050309,-4.2495584,-4.1882668,-4.2657523
C,-5.3090463,-4.0763073,-4.0683165,-3.7118945,-3.9380512,-4.1727834,-3.5135722,-4.4578505,-4.0228357,-3.934152,-3.823083,-3.4095185,-3.8380015,-3.2707117,-3.691948,-3.9301143,-3.8604467,-3.726879,-3.6879911,-3.4401205,-3.478137,-3.7665203,-3.843188,-3.7390745,-3.620493,-3.7432303,-4.31022,-3.550902,-4.111398,-4.296316,-3.836244,-4.1105304,-4.004582,-4.034478,-3.5967283,-3.7196217,-3.1353328,-3.7448537,-3.69451,-3.7971473,-4.000787,-3.8932612,-3.6457963,-4.000064,-4.058447,-3.770556,-3.9292078,-4.217285,-3.8912146,-4.247302,-4.0193095,-3.95029,-3.898395,-3.9891107,-4.044972,-3.8787637,-3.5875072,-3.9753885,-4.2062345,-3.9983792,-3.9309764,-4.1856704,-4.2619677,-4.1045403,-3.944837,-3.7044775,-4.20605,-4.13978,-4.1012125,-3.6294844,-3.7641344,-3.280921,-3.5540333,-3.7527668,-3.8728108,-3.5479178,-3.29766,-3.4648232,-3.3717456,-2.5058672,-3.1718426,-3.4058838,-3.646274,-3.35889,-3.0473905,-3.695301,-3.084654,-3.1182718,-3.2017825,-3.776372,-3.0611186,-3.1902976,-3.28171,-3.7261357,-2.867483,-3.7405634,-3.9684258,-4.2684765,-3.5329483,-3.9936192,-4.5593576,-4.6249638,-3.7812393,-3.9187813,-4.153324,-3.9512858,-3.87442,-3.817538,-4.018773,-3.983605,-3.5031857,-3.8155632,-3.5888717,-3.6600406,-3.608103,-3.8371198,-4.028975,-3.9668465,-3.632363,-4.103308,-3.7150083,-4.0582895,-3.677421,-3.7836206,-3.181551,-3.4209287,-3.9482436,-3.4413934,-4.0435686,-3.7740319,-3.4890094,-3.1939728,-3.6865761,-3.527961,-3.7292962,-3.5426188,-3.6808624,-3.6408663,-3.3955846,-3.5530348,-3.5184112,-3.2378576,-3.25921,-3.769713,-3.6755075,-3.842157,-4.078334,-4.140368,-4.418103,-3.684179,-4.2787275,-4.265604,-4.352003,-4.2967215,-4.40749,-4.521941,-3.9314468,-3.7081792,-4.5610733,-4.3993797,-4.3490133,-4.258529,-4.285427,-3.9900157,-3.8018928,-3.9192095,-3.8897824,-3.8475862,-3.272423,-3.7641747,-3.6557167,-3.5948744,-4.0686846,-3.7741086,-3.8169098,-3.9266102,-3.7624788,-4.0623784,-4.4026823,-4.149376,-4.1363754,-4.084199,-4.206912,-3.5406718,-3.661125,-3.576189,-3.1345391,-3.593406,-3.6196709,-3.3591092,-4.009577,-3.4780054,-3.2831728,-3.3964052,-3.6802847,-3.3786798,-3.2981231,-3.6001837,-3.5618804,-3.142547,-3.1368995
