,variant,pdb,ddG,ph,Change melting temp,effect,source,pos,wt,mut,mut_struct_pred,wt_struct_pred,mut_struct_pred_G,mut_struct_pred_A,mut_struct_pred_C,mut_struct_pred_S,mut_struct_pred_P,mut_struct_pred_T,mut_struct_pred_V,mut_struct_pred_D,mut_struct_pred_I,mut_struct_pred_L,mut_struct_pred_N,mut_struct_pred_M,mut_struct_pred_Q,mut_struct_pred_K,mut_struct_pred_E,mut_struct_pred_H,mut_struct_pred_F,mut_struct_pred_R,mut_struct_pred_Y,mut_struct_pred_W,mut_struct_prob_G,mut_struct_prob_A,mut_struct_prob_C,mut_struct_prob_S,mut_struct_prob_P,mut_struct_prob_T,mut_struct_prob_V,mut_struct_prob_D,mut_struct_prob_I,mut_struct_prob_L,mut_struct_prob_N,mut_struct_prob_M,mut_struct_prob_Q,mut_struct_prob_K,mut_struct_prob_E,mut_struct_prob_H,mut_struct_prob_F,mut_struct_prob_R,mut_struct_prob_Y,mut_struct_prob_W,wt_struct_prob_G,wt_struct_prob_A,wt_struct_prob_C,wt_struct_prob_S,wt_struct_prob_P,wt_struct_prob_T,wt_struct_prob_V,wt_struct_prob_D,wt_struct_prob_I,wt_struct_prob_L,wt_struct_prob_N,wt_struct_prob_M,wt_struct_prob_Q,wt_struct_prob_K,wt_struct_prob_E,wt_struct_prob_H,wt_struct_prob_F,wt_struct_prob_R,wt_struct_prob_Y,wt_struct_prob_W,log_mut_struct_prob_G,log_mut_struct_prob_A,log_mut_struct_prob_C,log_mut_struct_prob_S,log_mut_struct_prob_P,log_mut_struct_prob_T,log_mut_struct_prob_V,log_mut_struct_prob_D,log_mut_struct_prob_I,log_mut_struct_prob_L,log_mut_struct_prob_N,log_mut_struct_prob_M,log_mut_struct_prob_Q,log_mut_struct_prob_K,log_mut_struct_prob_E,log_mut_struct_prob_H,log_mut_struct_prob_F,log_mut_struct_prob_R,log_mut_struct_prob_Y,log_mut_struct_prob_W,wt_struct_pred_G,wt_struct_pred_A,wt_struct_pred_C,wt_struct_pred_S,wt_struct_pred_P,wt_struct_pred_T,wt_struct_pred_V,wt_struct_pred_D,wt_struct_pred_I,wt_struct_pred_L,wt_struct_pred_N,wt_struct_pred_M,wt_struct_pred_Q,wt_struct_pred_K,wt_struct_pred_E,wt_struct_pred_H,wt_struct_pred_F,wt_struct_pred_R,wt_struct_pred_Y,wt_struct_pred_W,log_wt_struct_prob_G,log_wt_struct_prob_A,log_wt_struct_prob_C,log_wt_struct_prob_S,log_wt_struct_prob_P,log_wt_struct_prob_T,log_wt_struct_prob_V,log_wt_struct_prob_D,log_wt_struct_prob_I,log_wt_struct_prob_L,log_wt_struct_prob_N,log_wt_struct_prob_M,log_wt_struct_prob_Q,log_wt_struct_prob_K,log_wt_struct_prob_E,log_wt_struct_prob_H,log_wt_struct_prob_F,log_wt_struct_prob_R,log_wt_struct_prob_Y,log_wt_struct_prob_W,logP_mut_esm1v_t33_650M_UR90S_1,logP_wt_esm1v_t33_650M_UR90S_1,log_mut_minus_wt_vals_esm1v_t33_650M_UR90S_1,logP_mut_esm1v_t33_650M_UR90S_2,logP_wt_esm1v_t33_650M_UR90S_2,log_mut_minus_wt_vals_esm1v_t33_650M_UR90S_2,logP_mut_esm1v_t33_650M_UR90S_3,logP_wt_esm1v_t33_650M_UR90S_3,log_mut_minus_wt_vals_esm1v_t33_650M_UR90S_3,logP_mut_esm1v_t33_650M_UR90S_4,logP_wt_esm1v_t33_650M_UR90S_4,log_mut_minus_wt_vals_esm1v_t33_650M_UR90S_4,logP_mut_esm1v_t33_650M_UR90S_5,logP_wt_esm1v_t33_650M_UR90S_5,log_mut_minus_wt_vals_esm1v_t33_650M_UR90S_5
0,I3P,1L97,,,,Destabilizing,[79],3.0,I,P,P,I,1.000276804,1.546313524,0.289355993,0.921681941,10.34190083,-0.015457422,2.765952826,2.951349735,3.825288296,3.42644453,1.189350009,-0.373407662,-2.116134167,-3.376044273,-0.467516541,-1.13392365,-1.101242542,-6.041939735,-1.479382753,-4.552950382,8.73319877428003e-05,0.00015077,4.28967687184922e-05,8.07309988886118e-05,0.995839179,3.16261139232665e-05,0.000510501,0.000614488,0.001472517,0.0009882,0.000105508,2.21100635826588e-05,3.87020145353745e-06,1.09789641555835e-06,2.01242073671892e-05,1.03347983895219e-05,1.06781253634836e-05,7.63444916174194e-08,7.3159562816727e-06,3.38405413913279e-07,1.69793608506552e-07,1.19060396173154e-05,0.001896873,5.71577356822672e-06,1.82594358193455e-05,0.002568663,0.486404091,1.47219334394322e-05,0.496060491,0.01154808,9.93935827864334e-05,0.000312344,0.000134521,4.27254926762544e-05,0.000290915,1.94918466149829e-05,0.000391637,1.51536796693108e-05,0.000117662,4.67398749606218e-05,-9.345793724,-8.799757004,-10.05671406,-9.424387932,-0.004169502,-10.36152744,-7.580117226,-7.394720554,-6.520781994,-6.919625759,-9.156720161,-10.71947765,-12.46220398,-13.72211456,-10.81358719,-11.47999382,-11.44731331,-16.38801003,-11.8254528,-14.89902115,-6.646057129,-2.395840168,2.675076485,-3.129655838,-1.968203664,2.978255033,8.221909523,-2.183546782,8.241567612,4.481389046,-0.273798347,0.871218741,0.028832793,-1.118089557,0.800145507,-1.902889132,1.097449422,-2.154642582,-0.105066597,-1.028288007,-15.58868217,-11.33846474,-6.267548561,-12.07228088,-10.91082859,-5.964369774,-0.720715523,-11.12617207,-0.701057434,-4.461236,-9.216423035,-8.071406364,-8.91379261,-10.06071472,-8.142479897,-10.8455143,-7.845175743,-11.09726715,-9.047691345,-9.970912933,-3.6631226539611816,-2.8211171627044678,-0.8420054912567139,-3.1621923446655273,-2.0690112113952637,-1.0931811332702637,-2.757267951965332,-2.9840445518493652,0.2267765998840332,-2.6785154342651367,-2.59151554107666,-0.08699989318847656,-2.8489503860473633,-1.8268368244171143,-1.022113561630249
1,I3Y,1L18,-2.3,6.5,,Destabilizing,[74],3.0,I,Y,Y,I,-18.95562744,-14.98872471,-5.804625034,-14.18763351,-5.678248882,-9.128399849,-2.737305164,-8.763358116,-0.392902374,2.602051735,-5.377383232,3.349282026,3.793937206,4.086164474,2.813335657,6.874547958,7.654926777,1.623108268,8.895084381,8.069216728,4.26355294385478e-13,2.2520353637478498e-11,2.19371216303443e-07,5.0174742832753694e-11,2.4892224814721e-07,7.90099807801425e-09,4.71302473670221e-06,1.13819949021376e-08,4.91428945679218e-05,0.000982093,3.36301042125342e-07,0.002073342,0.003234313,0.004332063,0.001213143,0.070416488,0.153669804,0.00036898,0.531107187,0.232547894,1.69793608506552e-07,1.19060396173154e-05,0.001896873,5.71577356822672e-06,1.82594358193455e-05,0.002568663,0.486404091,1.47219334394322e-05,0.496060491,0.01154808,9.93935827864334e-05,0.000312344,0.000134521,4.27254926762544e-05,0.000290915,1.94918466149829e-05,0.000391637,1.51536796693108e-05,0.000117662,4.67398749606218e-05,-28.48350334,-24.51660156,-15.33250046,-23.71550941,-15.20612526,-18.6562767,-12.26518059,-18.29123306,-9.920778275,-6.925824165,-14.90525913,-6.178593636,-5.733938694,-5.441711426,-6.714540482,-2.653327942,-1.872949123,-7.904767513,-0.6327914,-1.458659053,-6.646057129,-2.395840168,2.675076485,-3.129655838,-1.968203664,2.978255033,8.221909523,-2.183546782,8.241567612,4.481389046,-0.273798347,0.871218741,0.028832793,-1.118089557,0.800145507,-1.902889132,1.097449422,-2.154642582,-0.105066597,-1.028288007,-15.58868217,-11.33846474,-6.267548561,-12.07228088,-10.91082859,-5.964369774,-0.720715523,-11.12617207,-0.701057434,-4.461236,-9.216423035,-8.071406364,-8.91379261,-10.06071472,-8.142479897,-10.8455143,-7.845175743,-11.09726715,-9.047691345,-9.970912933,-3.1692323684692383,-2.8211171627044678,-0.3481152057647705,-2.7489185333251953,-2.0690112113952637,-0.6799073219299316,-3.7731432914733887,-2.9840445518493652,-0.7890987396240234,-3.7896525859832764,-2.59151554107666,-1.1981370449066162,-3.3912529945373535,-1.8268368244171143,-1.5644161701202393
2,V87 M,1CU3,-2.3,5.4,,Destabilizing,[66],87.0,V,M,L,V,-11.67970276,-6.552399158,-9.134782791,-7.217068672,-9.977697372,-3.712618113,0.524698734,-7.146255016,-0.882270098,11.81336021,-4.263088703,-1.293437004,-1.026237726,-4.690107822,-4.627200603,-2.238670826,-2.42549634,-5.190080166,-5.746105194,-6.737210274,6.26734011910379e-11,1.05643378489617e-08,7.985959671330531e-10,5.434757976985341e-09,3.43758937981775e-10,1.80777277591915e-07,1.25137448776513e-05,5.83357007144514e-09,3.06442052533384e-06,0.999978125,1.04250275967388e-07,2.03133140530554e-06,2.65353037320892e-06,6.8018202625808e-08,7.24345596836429e-08,7.89352043284453e-07,6.54837833735655e-07,4.12563032625712e-08,2.3659849190949e-08,8.781730898022032e-09,1.28539738852851e-08,2.1754506178695e-06,5.04032250319142e-05,2.18120177919445e-07,1.85286728537903e-06,0.000354209,0.986382604,7.69846622006298e-08,0.003263958,0.009934233,4.245788204571e-06,1.9511448101639e-07,8.04737965154345e-07,8.92620519721277e-08,3.85152679882594e-06,3.82516844865677e-07,1.43068135116664e-07,5.92930433640504e-08,1.87103154303259e-07,3.0613316326366703e-09,-23.49308395,-18.36578178,-20.94816589,-19.03045082,-21.79108047,-15.52600002,-11.28868294,-18.95963669,-12.69565201,-2.18751429201802e-05,-16.07647133,-13.10681915,-12.83961964,-16.50349045,-16.44058228,-14.05205345,-14.23887825,-17.00346184,-17.55948639,-18.55059242,-6.325640678,-1.194303393,1.94851625,-3.494248152,-1.354805231,3.898347616,11.83026028,-4.535688877,6.119156361,7.23220253,-0.525612056,-3.605708122,-2.188777924,-4.387717724,-0.623070002,-2.932522058,-3.91597414,-4.796802521,-3.647634983,-7.760445595,-18.16961288,-13.03827477,-9.89545536,-15.33821964,-13.19877625,-7.945623398,-0.013710964,-16.37965965,-5.724814892,-4.611768723,-12.36958313,-15.44967937,-14.03274918,-16.23168945,-12.46704102,-14.77649307,-15.75994492,-16.64077377,-15.49160576,-19.60441589,-4.142952919006348,-2.631195068359375,-1.5117578506469727,-4.342808246612549,-0.5436739325523376,-3.799134314060211,-4.193878173828125,-2.5589771270751953,-1.6349010467529297,-3.927398681640625,-1.8359373807907104,-2.0914613008499146,-3.7396488189697266,-1.2041040658950806,-2.535544753074646
3,D92N,1L55,-1.4,5.7 -5.9,,Destabilizing,[67],92.0,D,N,D,D,2.171991825,-1.055227399,2.667122841,4.426010609,3.270657539,3.202144861,1.974219084,12.16368389,3.117378712,-3.113155842,8.979621887,-2.779215336,0.512174964,-1.50903964,4.844809055,-0.186856866,-5.378457069,-2.63796258,-5.317066669,-6.867835999,4.38882016169373e-05,1.74094145677373e-06,7.20079187885858e-05,0.000418076,0.000131672,0.000122952,3.60127378371544e-05,0.958703578,0.00011296,2.22349896716878e-07,0.0397067,3.10502770162202e-07,8.34638012747746e-06,1.10584892354382e-06,0.000635532,4.14870419263025e-06,2.30796555200641e-08,3.57611128265489e-07,2.45409079724368e-08,5.204759734311891e-09,4.88773221150041e-05,0.000126716,0.000312643,0.001787311,0.015178457,0.002402994,0.001458912,0.956507146,0.000555963,1.48341887324932e-05,0.016899422,1.07066362033947e-05,0.000205513,1.00794532045256e-05,0.004440627,3.26591070916038e-05,9.37807897116727e-07,5.4519282457477e-06,6.31147486274131e-07,2.06108495603985e-07,-10.03386497,-13.26108456,-9.538734436,-7.779846668,-8.935199738,-9.003712654,-10.23163795,-0.042173348,-9.088478088,-15.3190136,-3.22623539,-14.98507309,-11.69368267,-13.71489716,-7.361048222,-12.3927145,-17.58431435,-14.84381962,-17.52292442,-19.07369232,-0.078448534,0.874190331,1.777301192,3.5207057,5.659870625,3.816709042,3.31768465,9.803281784,2.352939367,-1.270827174,5.767272949,-1.596898556,1.357749224,-1.657262802,4.430788994,-0.481637836,-4.031972408,-2.271792889,-4.427977562,-5.547113895,-9.926197052,-8.973558426,-8.070447922,-6.327043056,-4.187878132,-6.031039715,-6.530064106,-0.044467017,-7.494809151,-11.11857605,-4.080475807,-11.44464684,-8.489999771,-11.50501156,-5.416959763,-10.32938671,-13.87972069,-12.11954117,-14.27572632,-15.39486313,-2.411986827850342,-1.3788273334503174,-1.0331594944000244,-3.625391960144043,-0.51305091381073,-3.112341046333313,-2.974851131439209,-1.4757943153381348,-1.4990568161010742,-2.705519676208496,-1.2889872789382935,-1.4165323972702026,-2.234180450439453,-1.4171743392944336,-0.8170061111450195
4,R96D,3C8Q,-3.5,5.35,,Destabilizing,[80],96.0,R,D,S,R,-0.266536951,5.304260254,3.627639771,5.434756756,-6.058375835,1.620945692,-1.905725241,1.760108471,-6.618177414,-6.363950253,3.719564676,-3.427180529,-0.894019723,-4.798327923,-1.65857029,-3.593921423,-9.189759254,-5.549154758,-9.522695541,-11.84008503,0.001468154,0.385601074,0.072109289,0.439351559,4.48134187536198e-06,0.00969382,0.000285024,0.011141218,2.56029238698829e-06,3.30140483129071e-06,0.07905215,6.22474544798024e-05,0.000783898,1.57993763423292e-05,0.000364938,5.26874464412686e-05,1.95643465872308e-07,7.45692841519485e-06,1.40240473456288e-07,1.38179458986087e-08,2.906070780356e-17,6.26101608319757e-16,1.66586904860877e-12,8.26739520145745e-16,7.59344274980105e-18,1.7097292277692302e-15,1.33543363356623e-17,1.7346209538193798e-11,1.3428933402361402e-15,1.0958014877438e-11,5.90156856716817e-09,2.52576370485258e-07,0.000710122,0.030117659,6.93945764851378e-07,9.53546503978942e-08,7.25076357462051e-13,0.969170332,1.63055409018592e-12,2.92996052767003e-12,-6.523749352,-0.952951908,-2.629572392,-0.822455347,-12.315588,-4.636266708,-8.162937164,-4.497103691,-12.8753891,-12.62116241,-2.537647486,-9.684392929,-7.151231766,-11.05554008,-7.915782452,-9.851133347,-15.44697189,-11.80636692,-15.77990723,-18.09729767,-19.69221878,-16.6220932,-8.735748291,-16.34411812,-21.03432083,-15.61751652,-20.46976471,-6.392721653,-15.85902596,-6.852023602,-0.563121378,3.193373919,11.13485241,14.88228226,4.204053879,2.219262362,-9.567573547,18.35361099,-8.757175446,-8.171106339,-38.07714462,-35.00701904,-27.12067413,-34.72904205,-39.41924667,-34.00244141,-38.85469055,-24.77764702,-34.24394989,-25.23694992,-18.94804764,-15.19155216,-7.250073433,-3.502643585,-14.18087196,-16.16566277,-27.95249939,-0.031314902,-27.14210129,-26.55603218,-5.1141180992126465,-1.9058946371078491,-3.2082234621047974,-6.980863094329834,-2.449995517730713,-4.530867576599121,-5.400777816772461,-2.20463228225708,-3.196145534515381,-6.768423080444336,-3.142191171646118,-3.6262319087982178,-5.910808563232422,-2.9634358882904053,-2.9473726749420166
5,R96H,1L34,,,,Destabilizing,[78],96.0,R,H,Q,R,-16.7974472,-11.85778618,-6.239305496,-12.17258453,-16.33478546,-7.608483315,-13.1977005,-6.899679661,-13.40514183,-9.016659737,-1.811287165,-1.778155327,5.127248287,4.767747879,-1.141723156,-1.481160283,-10.80863953,4.496468067,-11.12594223,-11.95072556,1.34543501340012e-10,1.8798839818146e-08,5.17852186021628e-06,1.3721924929655e-08,2.13694895112582e-10,1.31698072891595e-06,4.92280705088888e-09,2.67552331933985e-06,4.0005807555587605e-09,3.22118864914955e-07,0.00043378,0.000448393,0.447339654,0.31225425,0.00084734,0.000603451,5.3674597211284e-08,0.238063604,3.90810335204606e-08,1.71303859985983e-08,2.906070780356e-17,6.26101608319757e-16,1.66586904860877e-12,8.26739520145745e-16,7.59344274980105e-18,1.7097292277692302e-15,1.33543363356623e-17,1.7346209538193798e-11,1.3428933402361402e-15,1.0958014877438e-11,5.90156856716817e-09,2.52576370485258e-07,0.000710122,0.030117659,6.93945764851378e-07,9.53546503978942e-08,7.25076357462051e-13,0.969170332,1.63055409018592e-12,2.92996052767003e-12,-22.72913361,-17.78947067,-12.17099094,-18.10427094,-22.26647186,-13.54016876,-19.1293869,-12.83136559,-19.33682632,-14.94834518,-7.742972374,-7.709840775,-0.804437101,-1.163937569,-7.073408604,-7.412845612,-16.74032593,-1.435217381,-17.05762863,-17.88241196,-19.69221878,-16.6220932,-8.735748291,-16.34411812,-21.03432083,-15.61751652,-20.46976471,-6.392721653,-15.85902596,-6.852023602,-0.563121378,3.193373919,11.13485241,14.88228226,4.204053879,2.219262362,-9.567573547,18.35361099,-8.757175446,-8.171106339,-38.07714462,-35.00701904,-27.12067413,-34.72904205,-39.41924667,-34.00244141,-38.85469055,-24.77764702,-34.24394989,-25.23694992,-18.94804764,-15.19155216,-7.250073433,-3.502643585,-14.18087196,-16.16566277,-27.95249939,-0.031314902,-27.14210129,-26.55603218,-4.434150218963623,-1.9058946371078491,-2.528255581855774,-4.836978912353516,-2.449995517730713,-2.3869833946228027,-5.166353225708008,-2.20463228225708,-2.9617209434509277,-5.1845383644104,-3.142191171646118,-2.0423471927642822,-4.68632698059082,-2.9634358882904053,-1.722891092300415
6,R96N,3CDT,-3.0,5.35,,Destabilizing,[80],96.0,R,N,N,R,-5.45818615,-0.993360698,2.100503922,1.056792498,-11.30372906,2.665956497,0.122125,-0.595578253,-3.495895863,-3.244153976,4.318008423,-4.157670498,-0.56384027,-3.02738142,-1.78816247,-4.450575352,-10.80078793,-1.962615371,-10.95564365,-15.03028393,4.11535729654133e-05,0.003576487,0.078905068,0.02778605,1.19047562918695e-07,0.138892204,0.01091204,0.005323672,0.000292832,0.00037666,0.724694371,0.000151083,0.005495344,0.000467835,0.001615395,0.000112722,1.96854372802591e-07,0.001356796,1.686133828116e-07,2.8661457651679703e-09,2.906070780356e-17,6.26101608319757e-16,1.66586904860877e-12,8.26739520145745e-16,7.59344274980105e-18,1.7097292277692302e-15,1.33543363356623e-17,1.7346209538193798e-11,1.3428933402361402e-15,1.0958014877438e-11,5.90156856716817e-09,2.52576370485258e-07,0.000710122,0.030117659,6.93945764851378e-07,9.53546503978942e-08,7.25076357462051e-13,0.969170332,1.63055409018592e-12,2.92996052767003e-12,-10.09819984,-5.633374214,-2.539509773,-3.583221197,-15.94374275,-1.974057198,-4.517888546,-5.235591888,-8.135910034,-7.884167671,-0.322005302,-8.797683716,-5.203854084,-7.667395115,-6.428175926,-9.090589523,-15.44080162,-6.602629185,-15.59565735,-19.67029762,-19.69221878,-16.6220932,-8.735748291,-16.34411812,-21.03432083,-15.61751652,-20.46976471,-6.392721653,-15.85902596,-6.852023602,-0.563121378,3.193373919,11.13485241,14.88228226,4.204053879,2.219262362,-9.567573547,18.35361099,-8.757175446,-8.171106339,-38.07714462,-35.00701904,-27.12067413,-34.72904205,-39.41924667,-34.00244141,-38.85469055,-24.77764702,-34.24394989,-25.23694992,-18.94804764,-15.19155216,-7.250073433,-3.502643585,-14.18087196,-16.16566277,-27.95249939,-0.031314902,-27.14210129,-26.55603218,-4.756619453430176,-1.9058946371078491,-2.8507248163223267,-5.264889240264893,-2.449995517730713,-2.8148937225341797,-5.205780982971191,-2.20463228225708,-3.0011487007141113,-5.674264907836914,-3.142191171646118,-2.532073736190796,-4.772665500640869,-2.9634358882904053,-1.8092296123504639
7,R96W,3FI5,-4.5,5.35,,Destabilizing,[80],96.0,R,W,L,R,-11.49536705,-9.092576981,-4.68083334,-5.630525589,-9.103496552,0.239532858,-1.233130813,-0.931352794,-0.709532976,8.896536827,2.672316551,5.769304752,3.40159893,3.744534731,5.032864094,-1.473811388,1.6088413,4.167925835,2.670789003,-2.860815525,1.2795210446725502e-09,1.41437945799794e-08,1.16563251140178e-06,4.50936880724839e-07,1.39901903395412e-08,0.000159753,3.66336498700548e-05,4.95382519147825e-05,6.18409030721523e-05,0.91862613,0.001819677,0.040271629,0.003773268,0.005316828,0.019282665,2.87974398816004e-05,0.000628251,0.008119497,0.001816899,7.19425406714436e-06,2.906070780356e-17,6.26101608319757e-16,1.66586904860877e-12,8.26739520145745e-16,7.59344274980105e-18,1.7097292277692302e-15,1.33543363356623e-17,1.7346209538193798e-11,1.3428933402361402e-15,1.0958014877438e-11,5.90156856716817e-09,2.52576370485258e-07,0.000710122,0.030117659,6.93945764851378e-07,9.53546503978942e-08,7.25076357462051e-13,0.969170332,1.63055409018592e-12,2.92996052767003e-12,-20.47677994,-18.07398987,-13.6622467,-14.61193848,-18.08490944,-8.741880417,-10.21454334,-9.912765503,-9.690945625,-0.08487606,-6.309096336,-3.212108135,-5.579813957,-5.236878395,-3.948548794,-10.45522404,-7.372571468,-4.813487053,-6.310624123,-11.84222794,-19.69221878,-16.6220932,-8.735748291,-16.34411812,-21.03432083,-15.61751652,-20.46976471,-6.392721653,-15.85902596,-6.852023602,-0.563121378,3.193373919,11.13485241,14.88228226,4.204053879,2.219262362,-9.567573547,18.35361099,-8.757175446,-8.171106339,-38.07714462,-35.00701904,-27.12067413,-34.72904205,-39.41924667,-34.00244141,-38.85469055,-24.77764702,-34.24394989,-25.23694992,-18.94804764,-15.19155216,-7.250073433,-3.502643585,-14.18087196,-16.16566277,-27.95249939,-0.031314902,-27.14210129,-26.55603218,-4.957520008087158,-1.9058946371078491,-3.051625370979309,-8.159321784973145,-2.449995517730713,-5.709326267242432,-6.699885368347168,-2.20463228225708,-4.495253086090088,-7.382059574127197,-3.142191171646118,-4.239868402481079,-5.505837917327881,-2.9634358882904053,-2.5424020290374756
8,R96Y,3C80,-4.7,5.35,,Destabilizing,[80],96.0,R,Y,R,R,-14.22421646,-9.212093353,-8.716566086,-7.835631847,-14.58437634,-8.474270821,-7.358361244,-6.893929482,-1.26179409,-0.494690716,-3.213938475,3.046860933,7.11606884,8.990347862,5.436712265,-1.144723892,-2.957830191,12.53535366,0.058208704,-3.639189959,2.3113089133580698e-12,3.47212508744477e-10,5.69901958957786e-10,1.3752599059557701e-09,1.61228918670736e-12,7.26151472285608e-10,2.21646367926098e-09,3.52663698244271e-09,9.84841904028144e-07,2.12087525142124e-06,1.39817274202869e-07,7.32135522412136e-05,0.00428377,0.027913554,0.000798897,1.10715757273283e-06,1.80628902057833e-07,0.966922402,3.68668725059251e-06,9.13852815642713e-08,2.906070780356e-17,6.26101608319757e-16,1.66586904860877e-12,8.26739520145745e-16,7.59344274980105e-18,1.7097292277692302e-15,1.33543363356623e-17,1.7346209538193798e-11,1.3428933402361402e-15,1.0958014877438e-11,5.90156856716817e-09,2.52576370485258e-07,0.000710122,0.030117659,6.93945764851378e-07,9.53546503978942e-08,7.25076357462051e-13,0.969170332,1.63055409018592e-12,2.92996052767003e-12,-26.79320717,-21.78108406,-21.28555679,-20.40462303,-27.15336609,-21.04326248,-19.92735291,-19.46292114,-13.8307848,-13.0636816,-15.78292942,-9.522130013,-5.452921867,-3.578642845,-7.132278442,-13.7137146,-15.52682114,-0.033637032,-12.51078224,-16.20818138,-19.69221878,-16.6220932,-8.735748291,-16.34411812,-21.03432083,-15.61751652,-20.46976471,-6.392721653,-15.85902596,-6.852023602,-0.563121378,3.193373919,11.13485241,14.88228226,4.204053879,2.219262362,-9.567573547,18.35361099,-8.757175446,-8.171106339,-38.07714462,-35.00701904,-27.12067413,-34.72904205,-39.41924667,-34.00244141,-38.85469055,-24.77764702,-34.24394989,-25.23694992,-18.94804764,-15.19155216,-7.250073433,-3.502643585,-14.18087196,-16.16566277,-27.95249939,-0.031314902,-27.14210129,-26.55603218,-2.506007671356201,-1.9058946371078491,-0.600113034248352,-4.849513530731201,-2.449995517730713,-2.3995180130004883,-4.85394287109375,-2.20463228225708,-2.64931058883667,-5.832183361053467,-3.142191171646118,-2.6899921894073486,-3.377540111541748,-2.9634358882904053,-0.4141042232513428
9,L99G,1QUD,-6.3,5.4,,Destabilizing,[71],99.0,L,G,A,L,13.36082268,14.31350231,1.988965869,11.26042175,-1.698066711,1.873454809,-5.476858616,-1.512453556,-11.45414543,-8.252574921,-2.342512608,-3.37725687,-1.268525362,-8.23533535,-1.360865593,-7.131496906,-9.010637283,-9.572291374,-10.57818604,-15.93139935,0.269173294,0.697871506,3.09954066324281e-06,0.032948792,7.76318316297875e-08,2.76141440735955e-06,1.7739065771849e-09,9.34652106820977e-08,4.4980867988653195e-12,1.10523111496175e-10,4.07530329482597e-08,1.44802534407518e-08,1.19285303412653e-07,1.12444893674013e-10,1.0876371447921e-07,3.39102051993834e-10,5.17880981154573e-11,2.9532966350220794e-11,1.08007274998712e-11,5.11189127052475e-14,1.1078465922409501e-09,2.30715244242674e-07,4.53148402357328e-07,1.25390886296373e-06,1.84592082064228e-07,1.0977775673382e-05,2.46261424763361e-05,3.93210802940303e-06,0.000612668,0.971949995,2.5185875074385e-06,0.023387676,0.00345059,5.14909743287717e-06,0.000528826,1.19375790745835e-05,2.3083289306669e-06,6.00899466007832e-06,9.73940132098505e-07,1.51870196418713e-08,-1.312399864,-0.35972026,-12.68425655,-3.412800789,-16.3712883,-12.79976749,-20.15008163,-16.18567657,-26.12736893,-22.92579651,-17.01573563,-18.05047989,-15.94174767,-22.90855789,-16.03408813,-21.80471992,-23.68386078,-24.24551392,-25.25140762,-30.60462189,-12.46934128,-7.130574703,-6.455539703,-5.437737942,-7.353611469,-3.268131495,-2.460195065,-4.294828415,0.753818274,8.123055458,-4.740305901,4.395960331,2.482296467,-4.025182724,0.606655717,-3.18431282,-4.827480793,-3.870746613,-5.69040966,-9.851318359,-20.6208477,-15.2820816,-14.60704613,-13.58924484,-15.50511742,-11.41963768,-10.61170197,-12.44633484,-7.397687912,-0.028450923,-12.89181232,-3.755546093,-5.669209957,-12.17668915,-7.544850826,-11.33581924,-12.97898674,-12.02225304,-13.84191608,-18.00282478,-6.686966896057129,-0.7006664872169495,-5.986300408840179,-8.4774808883667,-0.42573150992393494,-8.051749378442764,-6.291917324066162,-0.39420315623283386,-5.897714167833328,-5.9495930671691895,-0.45927345752716064,-5.490319609642029,-8.23608112335205,-0.2930109202861786,-7.943070203065872
10,M102 K,1L54,-6.9,5.3,,Destabilizing,[75],102.0,M,K,M,M,-15.73197746,-8.524230957,-7.179327011,-9.9896698,-9.747851372,-6.784528255,-4.772891045,-5.978135586,-3.132313251,3.65110445,-6.120053291,6.761375904,2.790460587,-2.412381887,-1.546303272,-3.965270042,-3.138813734,-2.365222931,-6.254864693,-7.387539864,1.60066251919666e-10,2.16064961477969e-07,8.29217867703846e-07,4.99059460423723e-08,6.35583035091258e-08,1.23062977763766e-06,9.19963440537686e-06,2.75638103630627e-06,4.7453104343731e-05,0.041904949,2.39169298765773e-06,0.939807773,0.017721171,9.74824652075768e-05,0.000231771,2.06307922780979e-05,4.71456041850615e-05,0.00010219,2.09005429496756e-06,6.73353326874349e-07,8.64673957434725e-12,5.0004445029117e-09,5.19185299197034e-08,3.0232011338782203e-10,4.48466153102345e-09,6.74570941328057e-08,4.60959228121283e-07,8.1416445141258e-08,5.26816693309229e-05,0.021532908,8.91007942982469e-08,0.974805415,0.003440682,3.80963829229586e-05,6.12386356806383e-05,2.56298699241597e-06,1.37725169224723e-06,6.36285767541267e-05,5.21435879363708e-07,8.03420050488057e-08,-22.55543327,-15.34768677,-14.00278282,-16.81312561,-16.57130814,-13.60798454,-11.59634686,-12.80159187,-9.955768585,-3.17235136,-12.9435091,-0.062079918,-4.032995224,-9.235837936,-8.369758606,-10.78872585,-9.962269783,-9.188678741,-13.0783205,-14.21099567,-15.64826584,-9.288166046,-6.948017597,-12.09396172,-9.397029877,-6.686201572,-4.764383316,-6.498115063,-0.025669992,5.987400055,-6.407924652,9.800055504,4.153487206,-0.349818349,0.124841154,-3.048764229,-3.669847488,0.163125306,-4.641106606,-6.511400223,-25.47383881,-19.11373901,-16.77359009,-21.91953468,-19.22260284,-16.51177406,-14.58995628,-16.32368851,-9.851243019,-3.838172913,-16.23349762,-0.025517404,-5.672085762,-10.1753912,-9.700732231,-12.8743372,-13.49542046,-9.662447929,-14.46667957,-16.33697319,-8.149849891662598,-2.9811289310455322,-5.168720960617065,-8.548609733581543,-0.2774828374385834,-8.27112689614296,-5.942559719085693,-1.9417543411254883,-4.000805377960205,-6.232619285583496,-1.9024596214294434,-4.330159664154053,-8.187847137451172,-2.1496644020080566,-6.038182735443115
11,M102 L,1L77,-2.11,5.7,,Destabilizing,[81],102.0,M,L,L,M,-14.83044052,-8.051120758,-7.781873226,-9.631976128,-7.880187511,-5.288428783,-5.075220585,-7.830903053,-3.628497601,6.312520504,-7.34089756,5.390142441,1.850565672,-3.493833065,-2.753832579,-2.603203535,-3.165286064,-2.771142244,-3.970068932,-6.059692383,4.6622578020461e-10,4.10031759656704e-07,5.36722723154526e-07,8.43840410880148e-08,4.86466149141052e-07,6.49589765089331e-06,8.03960574558005e-06,5.11042230755265e-07,3.41615923389327e-05,0.709361494,8.34187176224077e-07,0.282022595,0.008185879,3.90860877814703e-05,8.1921971286647e-05,9.52396512730047e-05,5.42885827599093e-05,8.0516176240053e-05,2.42770402110182e-05,3.00388842333632e-06,8.64673957434725e-12,5.0004445029117e-09,5.19185299197034e-08,3.0232011338782203e-10,4.48466153102345e-09,6.74570941328057e-08,4.60959228121283e-07,8.1416445141258e-08,5.26816693309229e-05,0.021532908,8.91007942982469e-08,0.974805415,0.003440682,3.80963829229586e-05,6.12386356806383e-05,2.56298699241597e-06,1.37725169224723e-06,6.36285767541267e-05,5.21435879363708e-07,8.03420050488057e-08,-21.48635101,-14.70703125,-14.43778419,-16.28788757,-14.53609848,-11.94433975,-11.7311306,-14.48681355,-10.28440857,-0.343389988,-13.99680805,-1.265768051,-4.805344582,-10.14974403,-9.409743309,-9.259114265,-9.821196556,-9.427052498,-10.62597942,-12.71560287,-15.64826584,-9.288166046,-6.948017597,-12.09396172,-9.397029877,-6.686201572,-4.764383316,-6.498115063,-0.025669992,5.987400055,-6.407924652,9.800055504,4.153487206,-0.349818349,0.124841154,-3.048764229,-3.669847488,0.163125306,-4.641106606,-6.511400223,-25.47383881,-19.11373901,-16.77359009,-21.91953468,-19.22260284,-16.51177406,-14.58995628,-16.32368851,-9.851243019,-3.838172913,-16.23349762,-0.025517404,-5.672085762,-10.1753912,-9.700732231,-12.8743372,-13.49542046,-9.662447929,-14.46667957,-16.33697319,-1.5076608657836914,-2.9811289310455322,1.4734680652618408,-2.1694395542144775,-0.2774828374385834,-1.8919567167758942,-0.7017340660095215,-1.9417543411254883,1.2400202751159668,-0.9566091895103455,-1.9024596214294434,0.9458504319190979,-0.36520814895629883,-2.1496644020080566,1.7844562530517578
12,M106 K,231L,-3.4,3,,Destabilizing,[73],106.0,M,K,M,M,-12.04701042,-9.976634026,-3.30620718,-7.623882294,-9.237317085,-3.000688314,-1.946139812,-3.899741173,3.059841871,3.487870216,-1.822262287,4.463160992,1.166917086,-1.295349836,-0.786309242,-0.519440413,-1.559931159,-0.007646777,-3.61222887,-3.241763592,3.98729724793157e-08,3.16104888042901e-07,0.000249322,3.32367358168995e-06,6.62083152747073e-07,0.000338412,0.000971473,0.000137719,0.145044342,0.222531319,0.001099588,0.590139329,0.021848116,0.001862366,0.003098408,0.004046114,0.001429416,0.006750057,0.000183593,0.000265918,1.20995935048995e-06,7.47868580219802e-06,5.84008339501452e-05,2.44094389927341e-05,3.89479254181424e-07,1.75776549440343e-05,6.54950508760521e-06,0.000116143,0.001144436,0.171680942,0.000134417,0.779904485,0.039747898,0.000632938,0.004561933,0.000896028,0.000669469,0.000208737,9.77575764409266e-05,8.88395879883319e-05,-17.03756714,-14.9671917,-8.296764374,-12.61443996,-14.22787476,-7.991246223,-6.936697483,-8.890298843,-1.930715799,-1.502687454,-6.812819958,-0.527396619,-3.823640585,-6.285907745,-5.776866913,-5.509998322,-6.550488949,-4.998204231,-8.602787018,-8.232320786,-8.827800751,-7.006331444,-4.951058388,-5.823417664,-9.961333275,-6.151759624,-7.138998508,-4.263566971,-1.975721002,3.035004854,-4.117441654,4.548538685,1.57192409,-2.568015099,-0.592886448,-2.220416069,-2.511903763,-3.677311897,-4.43589735,-4.531555176,-13.62492371,-11.80345345,-9.748180389,-10.62054062,-14.75845528,-10.9488821,-11.93612099,-9.060689926,-6.772843361,-1.762117505,-8.914564133,-0.248583809,-3.225198269,-7.365137577,-5.390008926,-7.017538548,-7.309026241,-8.474433899,-9.233019829,-9.328678131,-4.691228866577148,-2.103855609893799,-2.5873732566833496,-6.348173141479492,-0.8120901584625244,-5.536082983016968,-7.441906929016113,-1.841172456741333,-5.60073447227478,-5.004599094390869,-1.5773780345916748,-3.4272210597991943,-6.346458435058594,-1.9640984535217285,-4.382359981536865
13,M120 K,232L,-1.6,3,,Destabilizing,[73],120.0,M,K,M,L,-15.53197861,-13.9228363,-7.830344677,-12.64514828,-14.61337662,-10.37292004,-12.8657217,-3.243732452,-8.172111511,7.754389763,-1.167793512,8.582032204,5.031533241,6.955483913,5.806842327,5.985200882,6.784990788,5.230003834,8.385252953,4.029888153,1.1893814926000599e-11,5.945149927910619e-11,2.63086210594565e-08,2.13331630138924e-10,2.98033438206335e-11,2.06952854853171e-09,1.71104477808548e-10,2.58248746831669e-06,1.86926492062867e-08,0.154334158,2.05876713152975e-05,0.353103966,0.010137725,0.069422722,0.022011669,0.026309529,0.058540635,0.012363321,0.290029705,0.00372333,2.5000944023356698e-11,2.2890516149232103e-09,1.34577908283973e-06,1.35403475098883e-08,7.482651720458481e-10,4.13678264976625e-07,4.30398365836027e-08,0.0007907,9.23962602428219e-07,0.783382356,0.003952002,0.01742941,0.000643131,0.001083531,0.012673263,0.016596172,0.05528073,0.000375624,0.104393609,0.003396428,-25.15500259,-23.54586029,-17.45336914,-22.26817322,-24.2364006,-19.99594498,-22.48874664,-12.86675739,-17.7951355,-1.868635178,-10.79081821,-1.040992737,-4.591491699,-2.667541027,-3.816182613,-3.637824059,-2.838034153,-4.393021107,-1.237771988,-5.593136787,-16.17515564,-11.65817642,-5.281585693,-9.88064003,-12.77631283,-6.46122551,-8.724188805,1.094360352,-5.657642841,7.992817402,2.70341897,4.187355518,0.887789547,1.409421563,3.868690968,4.138368607,5.341620922,0.350029469,5.977365017,2.551921129,-24.41210747,-19.89512825,-13.51853752,-18.11759186,-21.0132637,-14.69817734,-16.96113968,-7.142591476,-13.89459419,-0.244134411,-5.533533096,-4.04959631,-7.349162102,-6.827530384,-4.36826086,-4.098583221,-2.895330906,-7.886922359,-2.259586811,-5.685030937,-4.676934719085693,-3.451016426086426,-1.2259182929992676,-3.319406032562256,-3.2903637886047363,-0.02904224395751953,-3.409618377685547,-3.167665481567383,-0.24195289611816406,-4.300395965576172,-2.822068691253662,-1.4783272743225098,-4.765018939971924,-3.3457558155059814,-1.4192631244659424
14,V149C,1G07,-2.0,5.4,,Destabilizing,[70],149.0,V,C,I,V,-1.82478857,0.398651361,1.807552934,0.962182343,-5.898979187,1.016431451,5.288635254,5.26545763,7.759745121,3.517654896,4.153686047,-1.074187756,0.391331315,-2.322552204,1.735222816,1.039459229,-2.46334362,-1.847629666,-2.545959473,-1.553517818,5.64337060495745e-05,0.000521394,0.002133262,0.000916019,9.59709609560377e-07,0.000967085,0.069320083,0.06773188,0.820443034,0.011795927,0.022282138,0.000119542,0.000517591,3.43053725373466e-05,0.001984411,0.000989613,2.98000777547713e-05,5.51592856936622e-05,2.74370759143494e-05,7.40201430744492e-05,1.0222706237073e-07,1.6525635828657e-06,4.93848056066781e-05,2.44823286266183e-06,5.35283994906877e-08,0.000267994,0.925649166,0.002277035,0.07096836,1.13692112790886e-05,0.000590533,8.4194618921174e-07,6.67763833916979e-06,1.48849622405578e-07,0.000171674,1.25766689507145e-06,4.78221807043155e-07,6.13983672792529e-08,2.91772096261411e-07,3.77858384581486e-08,-9.782444,-7.559004784,-6.150103092,-6.995473385,-13.85663509,-6.941224575,-2.669020653,-2.692198277,-0.197910786,-4.440001011,-3.80396986,-9.031843185,-7.566324711,-10.28020859,-6.22243309,-6.918196678,-10.42099953,-9.805285454,-10.50361538,-9.511173248,-4.353226662,-1.570340991,1.826974034,-1.177302122,-5.000210762,3.518295527,11.6655817,5.657960892,9.097320557,0.35823983,4.308356762,-2.244708061,-0.173904419,-3.977487087,3.072927713,-1.843410134,-2.810349464,-4.863040447,-3.304451227,-5.348489761,-16.09606934,-13.31318283,-9.915867805,-12.92014408,-16.74305344,-8.224546432,-0.077259995,-6.084880829,-2.645521164,-11.38460159,-7.434484959,-13.98754978,-11.91674614,-15.72032928,-8.669914246,-13.58625221,-14.55319118,-16.60588264,-15.04729271,-17.09133148,-3.7831273078918457,-2.977487087249756,-0.8056402206420898,-4.549687385559082,-3.384049892425537,-1.165637493133545,-4.953916549682617,-2.3603391647338867,-2.5935773849487305,-4.770191192626953,-2.595520496368408,-2.174670696258545,-8.003214836120605,-4.0217766761779785,-3.981438159942627
15,V149G,1G0P,-4.9,5.4,,Destabilizing,[70],149.0,V,G,G,V,9.360237122,7.361321926,2.881326675,4.327608109,-3.013846397,0.964251518,1.014029264,4.525157452,1.303503752,0.693583727,1.918038845,-3.245332718,-2.113654137,-4.688077927,-0.605683804,-2.395117998,-4.800019264,-6.028669357,-5.977138519,-5.058281422,0.867228091,0.11749395,0.001331614,0.005655752,3.66553331332398e-06,0.000195796,0.000205789,0.006891043,0.000274877,0.000149367,0.000508192,2.90806383418385e-06,9.01749081094749e-06,6.87112162722769e-07,4.07370062021073e-05,6.80530501995236e-06,6.14344799032551e-07,1.7981096789299e-07,1.89319678156608e-07,4.7451516138608e-07,1.0222706237073e-07,1.6525635828657e-06,4.93848056066781e-05,2.44823286266183e-06,5.35283994906877e-08,0.000267994,0.925649166,0.002277035,0.07096836,1.13692112790886e-05,0.000590533,8.4194618921174e-07,6.67763833916979e-06,1.48849622405578e-07,0.000171674,1.25766689507145e-06,4.78221807043155e-07,6.13983672792529e-08,2.91772096261411e-07,3.77858384581486e-08,-0.142453253,-2.141368389,-6.62136364,-5.175082207,-12.51653671,-8.538438797,-8.488660812,-4.977532864,-8.199186325,-8.809106827,-7.58465147,-12.74802303,-11.61634445,-14.19076824,-10.10837364,-11.89780807,-14.30270958,-15.53135967,-15.47982883,-14.56097221,-4.353226662,-1.570340991,1.826974034,-1.177302122,-5.000210762,3.518295527,11.6655817,5.657960892,9.097320557,0.35823983,4.308356762,-2.244708061,-0.173904419,-3.977487087,3.072927713,-1.843410134,-2.810349464,-4.863040447,-3.304451227,-5.348489761,-16.09606934,-13.31318283,-9.915867805,-12.92014408,-16.74305344,-8.224546432,-0.077259995,-6.084880829,-2.645521164,-11.38460159,-7.434484959,-13.98754978,-11.91674614,-15.72032928,-8.669914246,-13.58625221,-14.55319118,-16.60588264,-15.04729271,-17.09133148,-4.355706214904785,-2.977487087249756,-1.3782191276550293,-5.245092868804932,-3.384049892425537,-1.8610429763793945,-4.214441299438477,-2.3603391647338867,-1.8541021347045898,-3.984480857849121,-2.595520496368408,-1.388960361480713,-8.198198318481445,-4.0217766761779785,-4.176421642303467
16,V149S,1G06,-4.4,5.4,,Destabilizing,[70],149.0,V,S,D,V,-2.778845549,-0.594566822,0.993982434,1.22198391,-6.021032333,-1.013140321,1.862655401,4.60231638,2.92313242,0.623446584,3.82543993,-3.036614895,0.3360672,-2.642662525,0.990234017,0.89959389,-3.667488575,-2.25579381,-3.58412838,-3.468571424,0.000333196,0.002960193,0.014495,0.018206984,1.3020750884607e-05,0.001947762,0.034552392,0.534931004,0.099778607,0.01000683,0.245982721,0.000257485,0.007507395,0.000381807,0.014440767,0.013189423,0.000137015,0.000562158,0.000148926,0.000167169,1.0222706237073e-07,1.6525635828657e-06,4.93848056066781e-05,2.44823286266183e-06,5.35283994906877e-08,0.000267994,0.925649166,0.002277035,0.07096836,1.13692112790886e-05,0.000590533,8.4194618921174e-07,6.67763833916979e-06,1.48849622405578e-07,0.000171674,1.25766689507145e-06,4.78221807043155e-07,6.13983672792529e-08,2.91772096261411e-07,3.77858384581486e-08,-8.006779671,-5.822500706,-4.233951569,-4.005949974,-11.24896622,-6.241074085,-3.365278482,-0.625617504,-2.304801464,-4.604487419,-1.402493954,-8.264549255,-4.891866684,-7.870596409,-4.237699986,-4.328340054,-8.895421982,-7.483727455,-8.812062263,-8.696505547,-4.353226662,-1.570340991,1.826974034,-1.177302122,-5.000210762,3.518295527,11.6655817,5.657960892,9.097320557,0.35823983,4.308356762,-2.244708061,-0.173904419,-3.977487087,3.072927713,-1.843410134,-2.810349464,-4.863040447,-3.304451227,-5.348489761,-16.09606934,-13.31318283,-9.915867805,-12.92014408,-16.74305344,-8.224546432,-0.077259995,-6.084880829,-2.645521164,-11.38460159,-7.434484959,-13.98754978,-11.91674614,-15.72032928,-8.669914246,-13.58625221,-14.55319118,-16.60588264,-15.04729271,-17.09133148,-4.158947944641113,-2.977487087249756,-1.1814608573913574,-3.7731757164001465,-3.384049892425537,-0.3891258239746094,-3.46060848236084,-2.3603391647338867,-1.1002693176269531,-3.44399094581604,-2.595520496368408,-0.8484704494476318,-7.325806140899658,-4.0217766761779785,-3.3040294647216797
17,G156D,1L16,-2.3,6.5,,Destabilizing,[77],156.0,G,D,N,G,2.812281609,1.33886373,-1.161283255,-0.834012985,-4.831272602,-1.919854403,-4.362595081,2.634873867,-7.036920071,-2.762393951,3.024077654,-5.175548077,-2.049679279,-2.029364347,-1.862253189,-5.779621601,-6.957532406,-3.610424519,-9.323345184,-11.63886547,0.295121163,0.067624353,0.005550127,0.007699006,0.000141399,0.002599321,0.000225939,0.247145742,1.55792531586485e-05,0.001119308,0.364738941,0.000100214,0.002282851,0.0023297,0.00275344,5.47752024431247e-05,1.68664701050147e-05,0.000479352,1.5833049928915e-06,1.56295655528993e-07,0.999988616,1.15073307824787e-05,6.198206392582511e-09,4.47396502067932e-07,1.88741795630054e-12,1.2504233759536e-11,1.6029614701568199e-12,4.30264157635918e-10,2.8649072555204904e-15,1.01963153632118e-12,2.53441989617187e-10,5.741003375817069e-13,4.11178632375026e-13,8.96197233177937e-13,2.04871796610773e-12,7.321817170570161e-14,3.0513417483099997e-15,8.49976081814148e-14,4.623157177486401e-16,5.59832695289561e-18,-1.22036922,-2.693787098,-5.193934441,-4.866663933,-8.863924026,-5.952505112,-8.395246506,-1.397777081,-11.06957054,-6.795044899,-1.008573413,-9.208198547,-6.082330227,-6.062015533,-5.894904137,-9.812273026,-10.99018288,-7.643075466,-13.35599613,-15.67151642,23.6620903,12.28957558,4.763095379,9.042281151,-3.33370924,-1.442851067,-3.497067451,2.09547925,-9.824138641,-3.949478626,1.566215277,-4.523870945,-4.857647419,-4.078515053,-3.251704693,-6.583231449,-9.761095047,-6.434051991,-11.64818192,-16.06196213,-1.13845517262234e-05,-11.37252617,-18.89900589,-14.61982059,-26.99581146,-25.10495377,-27.15916824,-21.56662178,-33.48624039,-27.6115799,-22.09588623,-28.18597221,-28.51974869,-27.74061584,-26.91380692,-30.24533272,-33.42319489,-30.09615326,-35.31028366,-39.72406387,-3.2615301609039307,-1.5175459384918213,-1.7439842224121094,-2.743752956390381,-0.4640159010887146,-2.2797370553016663,-3.213552951812744,-2.4695324897766113,-0.7440204620361328,-2.9673569202423096,-1.3589521646499634,-1.6084047555923462,-4.260218143463135,-0.12429267168045044,-4.135925471782684
18,T157I,1L10,-1.2,6,,Destabilizing,[76],157.0,T,I,K,T,-13.62770462,-9.192270279,-4.430393219,-5.706744671,-12.18077946,2.665364981,1.315387964,-1.56434989,2.150109291,0.918336034,1.386212945,1.216184378,1.79403019,4.073710442,1.835609436,2.463793516,1.40551126,2.785375118,0.914711416,-1.247089744,8.4577358450133e-09,7.13737904334266e-07,8.34825550555252e-05,2.32960937864846e-05,3.59455647469531e-08,0.100749783,0.026118997,0.001466569,0.060182665,0.017559778,0.028035957,0.023652278,0.042152978,0.411984384,0.043942612,0.082357422,0.028582267,0.113596208,0.017496249,0.002014126,5.63974367651099e-07,0.000143552,0.000125542,0.001012693,8.87204194555125e-08,0.782755733,0.005567653,0.00181164,0.000533327,0.001619376,0.014889332,0.001836976,0.007330931,0.125418827,0.015094063,0.025824318,0.002087463,0.012713992,0.001199321,3.42948696925305e-05,-18.58818436,-14.15275002,-9.390872955,-10.66722488,-17.14126015,-2.295115232,-3.645092487,-6.524829865,-2.810370922,-4.042144299,-3.574267387,-3.744295835,-3.166450024,-0.886769831,-3.124870777,-2.496686697,-3.554968834,-2.175105095,-4.045768738,-6.207570076,-8.440163612,-2.900716782,-3.034779072,-0.947049379,-10.28968239,5.703158855,0.757312059,-0.365429461,-1.588282943,-0.477621198,1.740982771,-0.351541132,1.032440662,3.87199688,1.754639864,2.291654825,-0.223712385,1.58304131,-0.777906537,-4.332421303,-14.38825703,-8.848810196,-8.982872009,-6.895142555,-16.2377758,-0.244934589,-5.190781593,-6.313522816,-7.536376476,-6.425714493,-4.207110405,-6.299634457,-4.915652752,-2.076096535,-4.193453789,-3.656438589,-6.171805859,-4.365052223,-6.725999832,-10.28051472,-3.4146604537963867,-3.2559375762939453,-0.1587228775024414,-4.089707374572754,-2.493943691253662,-1.5957636833190918,-4.450788497924805,-4.2939653396606445,-0.15682315826416016,-2.833374500274658,-4.228646278381348,1.3952717781066895,-3.9795730113983154,-3.1525580883026123,-0.8270149230957031
19,I3V,1L17,-0.4,6.5,,Neutral,[74],3.0,I,V,V,I,-8.29139328,-3.619412184,2.474170685,-3.669097185,-2.262144327,2.413104057,9.092780113,-2.305587769,8.779888153,3.551412106,0.340703964,1.47763896,0.173202872,-0.7775172,0.784995794,-0.178616345,1.036729217,-1.793850422,0.438238204,-0.128574848,1.62063553688085e-08,1.73261184954754e-06,0.000767557,1.64863138252258e-06,6.7321752794669e-06,0.000722088,0.574825943,6.44596684651333e-06,0.420386851,0.002253984,9.0898756752722e-05,0.00028335,7.68799363868311e-05,2.97112310363445e-05,0.000141746,5.40779146831483e-05,0.000182321,1.07530722743832e-05,0.000100211,5.68528885196429e-05,1.69793608506552e-07,1.19060396173154e-05,0.001896873,5.71577356822672e-06,1.82594358193455e-05,0.002568663,0.486404091,1.47219334394322e-05,0.496060491,0.01154808,9.93935827864334e-05,0.000312344,0.000134521,4.27254926762544e-05,0.000290915,1.94918466149829e-05,0.000391637,1.51536796693108e-05,0.000117662,4.67398749606218e-05,-17.9378624,-13.26588058,-7.172297478,-13.31556511,-11.90861225,-7.233364105,-0.55368799,-11.95205593,-0.86657989,-6.095056057,-9.305764198,-8.168828964,-9.473265648,-10.42398548,-8.86147213,-9.825084686,-8.609739304,-11.44031906,-9.208230019,-9.775043488,-6.646057129,-2.395840168,2.675076485,-3.129655838,-1.968203664,2.978255033,8.221909523,-2.183546782,8.241567612,4.481389046,-0.273798347,0.871218741,0.028832793,-1.118089557,0.800145507,-1.902889132,1.097449422,-2.154642582,-0.105066597,-1.028288007,-15.58868217,-11.33846474,-6.267548561,-12.07228088,-10.91082859,-5.964369774,-0.720715523,-11.12617207,-0.701057434,-4.461236,-9.216423035,-8.071406364,-8.91379261,-10.06071472,-8.142479897,-10.8455143,-7.845175743,-11.09726715,-9.047691345,-9.970912933,-2.912747859954834,-2.8211171627044678,-0.09163069725036621,-2.60215425491333,-2.0690112113952637,-0.5331430435180664,-2.8342957496643066,-2.9840445518493652,0.1497488021850586,-2.506927728652954,-2.59151554107666,0.08458781242370605,-2.499541759490967,-1.8268368244171143,-0.6727049350738525
20,T26S,131L,,5.4,1.35,Neutral,[65],26.0,T,S,S,R,-5.050842285,3.864917517,2.171154499,5.896979809,-7.359370708,0.036440462,-7.633121014,-1.090527773,-11.25005341,-5.750645161,1.731030464,2.451045752,1.822874427,0.082852125,-0.910992503,2.226770639,-4.446931839,0.519357145,-4.061943531,-5.683865547,1.39916664920747e-05,0.104216076,0.019157674,0.795148313,1.39087615025346e-06,0.002265939,1.05779190562316e-06,0.000734196,2.84175545317567e-08,6.94942264090059e-06,0.01233671,0.025345331,0.013523427,0.002373585,0.000878584,0.020253336,2.55943687079707e-05,0.003672623,3.76133903046139e-05,7.42935208108975e-06,6.934581797679581e-09,1.73913012986304e-05,0.000212262,0.000122535,9.19280562783342e-09,0.00049533,4.15314207202755e-06,0.000108669,1.05636490843608e-05,5.52922720089555e-05,0.003793728,0.083136313,0.195082322,0.083780967,0.015091012,0.005740751,8.64040157466661e-06,0.612327754,1.16602659545606e-05,5.23801759300113e-07,-11.17704868,-2.261288881,-3.955051899,-0.229226619,-13.48557663,-6.089766026,-13.75932693,-7.216733932,-17.37625885,-11.87685204,-4.395175934,-3.675160646,-4.303331852,-6.043354034,-7.03719902,-3.899435759,-10.57313824,-5.606849194,-10.18815041,-11.81007195,-13.0221386,-5.194933414,-2.693080902,-3.242509842,-12.74023819,-1.845679283,-6.627038002,-3.362595081,-5.69348526,-4.038270473,0.190200895,3.27733326,4.130273342,3.285057545,1.570951223,0.604441643,-5.894454479,5.274119377,-5.594716549,-8.697545052,-18.78674507,-10.95954037,-8.457687378,-9.007116318,-18.50484467,-7.610286236,-12.39164543,-9.127202034,-11.45809174,-9.802877426,-5.574406147,-2.487273693,-1.634333611,-2.479549408,-4.193655968,-5.16016531,-11.65906143,-0.490487605,-11.3593235,-14.46215248,-3.802009105682373,-0.03622346371412277,-3.7657856419682503,-4.931496620178223,-0.008154669776558876,-4.923341950401664,-3.3550186157226562,-0.054426878690719604,-3.3005917370319366,-2.312438488006592,-0.12603989243507385,-2.186398595571518,-4.49200439453125,-0.017191674560308456,-4.4748127199709415
21,S38 N,1L61,0.6,5.7 -5.9,,Neutral,[67],38.0,S,N,D,S,-9.23799324,-4.518408775,-1.177424431,3.524710417,-8.999014854,0.46243307,-2.194794893,6.776493549,-1.401087761,0.215503395,5.526194572,-0.994404376,1.383163691,0.417185843,3.54300046,-0.621784925,-2.812989473,-1.229105353,-3.699394226,-5.731327057,8.0591256335083e-08,9.03602540347492e-06,0.00025524,0.028122874,1.02346859875979e-07,0.001315617,9.2280562967062e-05,0.726592958,0.000204086,0.001027754,0.208110139,0.000306502,0.003303678,0.001257416,0.028641976,0.000444897,4.97315159009304e-05,0.000242384,2.0496085198829e-05,2.68666622105229e-06,2.96689831884578e-05,0.000126133,9.40960035222815e-06,0.996779799,3.85214860898486e-07,0.001847813,1.06798864862867e-07,0.00103648,9.025736602552571e-09,2.81098579080208e-07,0.000124857,2.98354251526689e-07,4.41050679000909e-06,7.41249039037939e-07,3.79176926799119e-05,1.43590079915157e-06,1.02357596176716e-07,1.9402045836614e-07,5.65592586099228e-08,4.6522670160698e-09,-16.33387566,-11.61429119,-8.273306847,-3.571171999,-16.09489822,-6.633449554,-9.290677071,-0.319388837,-8.496970177,-6.8803792,-1.569687843,-8.090287209,-5.712718964,-6.678696632,-3.552881956,-7.71766758,-9.908871651,-8.324987411,-10.79527664,-12.82720947,0.999866486,2.447102308,-0.14850533,11.42204952,-3.344189644,5.131522179,-4.627044678,4.553349972,-7.097910404,-3.659285307,2.436931133,-3.599709749,-0.906246066,-2.689654589,1.245182157,-2.02844286,-4.669518948,-4.03002739,-5.262702942,-7.76063633,-10.42540836,-8.978172302,-11.57378006,-0.003225397,-14.76946449,-6.29375267,-16.05231857,-6.871924877,-18.52318573,-15.08456039,-8.988344193,-15.02498436,-12.33152103,-14.1149292,-10.18009281,-13.45371819,-16.09479332,-15.45530224,-16.68797684,-19.18591118,-2.330982208251953,-2.623375177383423,0.2923929691314697,-2.8706250190734863,-2.367570638656616,-0.5030543804168701,-2.5939199924468994,-2.756716251373291,0.1627962589263916,-2.4651589393615723,-2.4564430713653564,-0.00871586799621582,-2.632498264312744,-2.6909666061401367,0.05846834182739258
22,S38D,1L19,,5,2.2,Neutral,[68],38.0,S,D,D,S,-10.68136787,-5.041743755,-0.373610616,7.442006111,-11.47091389,1.398288846,-5.948474884,9.193284035,-5.453425884,-0.147625268,7.211136341,-1.172780514,1.120057583,-1.253864527,3.687486887,-1.804838538,-4.930858612,-1.795997262,-5.828853607,-7.394576073,1.7748914560300502e-09,4.99377790674771e-07,5.318313560565e-05,0.131841794,8.05891797739378e-10,0.000312824,2.01669905663948e-07,0.759667337,3.30855158381382e-07,6.66681153234094e-05,0.104661666,2.39165528910235e-05,0.000236846,2.20538568100892e-05,0.00308664,1.27115845316439e-05,5.57938392375945e-07,1.28244591905968e-05,2.27296098387342e-07,4.74905164082884e-08,2.96689831884578e-05,0.000126133,9.40960035222815e-06,0.996779799,3.85214860898486e-07,0.001847813,1.06798864862867e-07,0.00103648,9.025736602552571e-09,2.81098579080208e-07,0.000124857,2.98354251526689e-07,4.41050679000909e-06,7.41249039037939e-07,3.79176926799119e-05,1.43590079915157e-06,1.02357596176716e-07,1.9402045836614e-07,5.65592586099228e-08,4.6522670160698e-09,-20.1495266,-14.50990295,-9.841769218,-2.026152611,-20.93907166,-8.069869995,-15.41663361,-0.274874657,-14.92158508,-9.615783691,-2.257022381,-10.64093971,-8.348100662,-10.72202301,-5.780672073,-11.2729969,-14.39901733,-11.26415634,-15.29701233,-16.86273575,0.999866486,2.447102308,-0.14850533,11.42204952,-3.344189644,5.131522179,-4.627044678,4.553349972,-7.097910404,-3.659285307,2.436931133,-3.599709749,-0.906246066,-2.689654589,1.245182157,-2.02844286,-4.669518948,-4.03002739,-5.262702942,-7.76063633,-10.42540836,-8.978172302,-11.57378006,-0.003225397,-14.76946449,-6.29375267,-16.05231857,-6.871924877,-18.52318573,-15.08456039,-8.988344193,-15.02498436,-12.33152103,-14.1149292,-10.18009281,-13.45371819,-16.09479332,-15.45530224,-16.68797684,-19.18591118,-1.7742422819137573,-2.623375177383423,0.8491328954696655,-2.0319180488586426,-2.367570638656616,0.33565258979797363,-2.1085777282714844,-2.756716251373291,0.6481385231018066,-2.19344425201416,-2.4564430713653564,0.2629988193511963,-1.8015800714492798,-2.6909666061401367,0.8893865346908569
23,G77A,1L23,0.4,6.5,,Neutral,[64],77.0,G,A,A,G,4.782454014,12.64100361,1.77379787,10.45052242,-2.082182407,3.335254192,-2.654746056,3.672495365,-8.648923874,-5.544454098,1.336773396,-3.506273031,0.673139572,-3.720633507,2.84617734,-0.836582899,-6.628029346,-4.641435146,-6.103177547,-9.727232933,0.000347337,0.898825347,1.71438296092674e-05,0.10054522,3.62640776074841e-07,8.17032778286375e-05,2.04557593974641e-07,0.000114473,5.10007813758762e-10,1.13718616745473e-08,1.1074157555413e-05,8.72976357868538e-08,5.70292922930094e-06,7.04541562868144e-08,5.00998212373816e-05,1.26018335322442e-06,3.84804721420551e-09,2.8054834899649e-08,6.5040079988421e-09,1.73489653199077e-10,0.999973357,2.70165201072814e-05,1.1347041362075301e-10,1.50023069522831e-07,5.0484051346885e-14,1.14911416970384e-13,7.811785072975311e-15,5.23001563931813e-13,2.8355589270917704e-17,5.43118478691523e-16,6.231500097831841e-14,3.2140153575664304e-14,4.63414469829577e-14,4.908353488464281e-15,1.13116513497571e-13,2.03445685862183e-13,7.084792364456471e-15,1.48247858894378e-14,1.57692886119986e-14,4.250354578114611e-15,-7.96521616,-0.106666543,-10.97387218,-2.297147751,-14.82985306,-9.412416458,-15.40241623,-9.075174332,-21.396595,-18.29212379,-11.4108963,-16.25394249,-12.0745306,-16.46830368,-9.901493073,-13.58425331,-19.3757,-17.38910484,-18.85084724,-22.47490311,28.33408546,17.81505013,5.434634209,12.62163544,-2.283007622,-1.460502148,-4.149032116,0.054920375,-9.767597198,-6.815092564,-2.072461367,-2.734558582,-2.368626595,-4.613723755,-1.47624588,-0.889265597,-4.246714115,-3.50836277,-3.446600676,-4.757662773,-2.66436327365227e-05,-10.51906204,-22.89947891,-15.71247673,-30.61711884,-29.79461479,-32.48314285,-28.27919197,-38.10170746,-35.14920425,-30.40657425,-31.06867027,-30.70273972,-32.94783783,-29.81035805,-29.22337723,-32.58082581,-31.84247589,-31.78071213,-33.09177399,-1.814453363418579,-2.502197742462158,0.6877443790435791,-2.517319679260254,-3.2433226108551025,0.7260029315948486,-2.672494888305664,-2.783994197845459,0.11149930953979492,-2.534036636352539,-2.302481174468994,-0.23155546188354492,-2.882990598678589,-3.67499041557312,0.7919998168945312
24,A82P,1L24,0.8,6.5,,Neutral,[64],82.0,A,P,P,P,-3.067977428,0.456289768,-2.334554434,2.26701808,7.629881382,2.216305494,1.484664321,3.711103916,1.204412222,-0.457197845,1.920044661,-1.242221594,1.638435006,3.208362103,3.907543182,0.952443838,-1.164057493,1.597410321,-1.113325715,-1.978743434,2.09177615033695e-05,0.000709717,4.35548863606527e-05,0.004339845,0.925840735,0.004125248,0.001984735,0.018392164,0.001499652,0.000284684,0.003067507,0.000129847,0.002314644,0.011124867,0.022384392,0.001165633,0.000140403,0.002221608,0.00014771,6.21675426373258e-05,0.017187681,0.051991399,0.000914051,0.049553335,0.383405715,0.010003095,0.00244542,0.134701416,0.002040295,0.005519934,0.024270128,0.001843602,0.020633234,0.083749875,0.187108517,0.003964358,0.001068994,0.017859759,0.00124728,0.00049167,-10.77491188,-7.250644684,-10.04148865,-5.439916611,-0.077053048,-5.490629196,-6.222270012,-3.995830536,-6.502522469,-8.164132118,-5.78689003,-8.949155807,-6.068499565,-4.49857235,-3.79939127,-6.754490852,-8.870991707,-6.10952425,-8.820260048,-9.685677528,1.188848019,2.295733452,-1.745213389,2.247704744,4.293748856,0.64754951,-0.761128187,3.247715712,-0.942250967,0.053020917,1.533901453,-1.043623567,1.371558189,2.772489786,3.576344013,-0.27800101,-1.588626862,1.227205276,-1.434379578,-2.365291595,-4.063562393,-2.95667696,-6.99762392,-3.004705667,-0.958661556,-4.604860783,-6.013538361,-2.0046947,-6.19466114,-5.199389458,-3.718508959,-6.296033859,-3.880852222,-2.479920626,-1.676066518,-5.530411243,-6.841037273,-4.025205135,-6.686789989,-7.617702007,-2.651174545288086,-2.372744560241699,-0.2784299850463867,-1.5213329792022705,-3.1707592010498047,1.6494262218475342,-1.612852692604065,-2.6469383239746094,1.0340856313705444,-2.6593196392059326,-2.7280287742614746,0.06870913505554199,-1.9863262176513672,-2.414886951446533,0.428560733795166
25,A93T,129L,,5.4,0.13,Neutral,[65],93.0,A,T,D,D,-2.0826509,2.898120642,-2.411741495,3.108397484,-1.803845406,3.131760359,0.7247684,3.869295835,-1.159289598,-1.127038479,2.194082499,-3.139681339,0.055314809,0.307592839,2.490472317,-1.783727765,-4.526119232,-0.929958284,-5.177600384,-6.36895752,0.000899579,0.130966619,0.000647317,0.161615387,0.001188838,0.165435627,0.014903408,0.345888883,0.002264903,0.00233914,0.064773999,0.000312591,0.007630374,0.009819936,0.08712066,0.001212997,7.8136581578292e-05,0.002848702,4.07304796681274e-05,1.23742793221027e-05,0.006987413,0.131944865,0.002150952,0.048401568,0.000277908,0.013205866,0.001939369,0.49199146,0.000255066,0.003630843,0.088346988,0.000412875,0.008979513,0.017078811,0.177875653,0.001915788,0.000114208,0.004414189,5.76241873204708e-05,1.89110378414625e-05,-7.013584137,-2.032812834,-7.342675209,-1.822535992,-6.734778881,-1.799173117,-4.206165314,-1.06163764,-6.090223312,-6.057971954,-2.736850977,-8.070614815,-4.875618458,-4.623340607,-2.440461159,-6.714661121,-9.457052231,-5.860891819,-10.10853386,-11.29989052,0.391155958,3.329430103,-0.787043691,2.32657814,-2.833418369,1.027706981,-0.890591502,4.645507336,-2.919187546,-0.263489217,2.928318024,-2.437565088,0.641991377,1.284884691,3.628130674,-0.902824759,-3.722686529,-0.068129815,-4.406766415,-5.520963669,-4.963644981,-2.025371075,-6.141844749,-3.028223038,-8.18821907,-4.327094078,-6.245392799,-0.709293902,-8.273988724,-5.618290424,-2.426483154,-7.792366028,-4.712809563,-4.069916725,-1.726670504,-6.257626057,-9.077487946,-5.422931194,-9.761568069,-10.87576485,-3.2739195823669434,-3.118607997894287,-0.15531158447265625,-3.475567102432251,-3.319227933883667,-0.15633916854858398,-3.337895631790161,-2.871938467025757,-0.4659571647644043,-3.35469913482666,-3.05059552192688,-0.3041036128997803,-3.421706199645996,-3.4474496841430664,0.025743484497070312
26,M106 L,234L,0.5,3,,Neutral,[73],106.0,M,L,L,M,-12.03659821,-10.61440849,-3.262058496,-10.53386593,-10.84826183,-7.707505226,-6.896280289,-4.872185707,1.230798364,12.30792618,-2.565314054,5.615680218,3.985723495,1.406686544,2.502472639,1.633239865,-1.789811015,2.11242342,-1.592223644,0.955932856,2.6704995853554798e-11,1.10723971658011e-10,1.72713711776851e-07,1.2001105664794e-10,8.763565567670989e-11,2.026251388898e-09,4.560413380261251e-09,3.45188979622435e-08,1.54365334310569e-05,0.998355269,3.46672095474787e-07,0.001238453,0.00024266,1.84050513780676e-05,5.5059321312001e-05,2.30848836508812e-05,7.52862376884877e-07,3.72764334315434e-05,9.17331988148362e-07,1.17267318273662e-05,1.20995935048995e-06,7.47868580219802e-06,5.84008339501452e-05,2.44094389927341e-05,3.89479254181424e-07,1.75776549440343e-05,6.54950508760521e-06,0.000116143,0.001144436,0.171680942,0.000134417,0.779904485,0.039747898,0.000632938,0.004561933,0.000896028,0.000669469,0.000208737,9.77575764409266e-05,8.88395879883319e-05,-24.34617043,-22.92398071,-15.57163048,-22.84343719,-23.1578331,-20.0170784,-19.20585251,-17.18175888,-11.0787735,-0.001646085,-14.87488651,-6.693892002,-8.323848724,-10.90288544,-9.807099342,-10.67633247,-14.09938335,-10.19714928,-13.90179634,-11.3536396,-8.827800751,-7.006331444,-4.951058388,-5.823417664,-9.961333275,-6.151759624,-7.138998508,-4.263566971,-1.975721002,3.035004854,-4.117441654,4.548538685,1.57192409,-2.568015099,-0.592886448,-2.220416069,-2.511903763,-3.677311897,-4.43589735,-4.531555176,-13.62492371,-11.80345345,-9.748180389,-10.62054062,-14.75845528,-10.9488821,-11.93612099,-9.060689926,-6.772843361,-1.762117505,-8.914564133,-0.248583809,-3.225198269,-7.365137577,-5.390008926,-7.017538548,-7.309026241,-8.474433899,-9.233019829,-9.328678131,-1.0676881074905396,-2.103855609893799,1.0361675024032593,-0.7992961406707764,-0.8120901584625244,0.012794017791748047,-1.651258945465088,-1.841172456741333,0.18991351127624512,-1.8438787460327148,-1.5773780345916748,-0.26650071144104004,-0.40473559498786926,-1.9640984535217285,1.5593628585338593
27,M106I,1P46,0.2,5,,Neutral,[69],106.0,M,I,I,M,-7.806828499,-5.747205257,-2.081115723,-5.679016113,-6.278297424,-1.349219084,3.814988375,-0.573752582,8.279830933,6.337120056,-0.01631099,-0.098031312,1.879552126,-3.261320591,1.234812379,-2.241523266,-2.292686701,-1.386042118,-2.489890337,-1.573306799,8.90922891016999e-08,6.98752444350248e-07,2.73203349934192e-05,7.48062177535758e-07,4.10840414133418e-07,5.67995084566064e-05,0.009934166,0.000123346,0.86335218,0.123731241,0.000215387,0.000198485,0.001434109,8.39324184198631e-06,0.000752619,2.32713537116069e-05,2.21106765820878e-05,5.47460549569223e-05,1.81533814611612e-05,4.53967222711071e-05,1.20995935048995e-06,7.47868580219802e-06,5.84008339501452e-05,2.44094389927341e-05,3.89479254181424e-07,1.75776549440343e-05,6.54950508760521e-06,0.000116143,0.001144436,0.171680942,0.000134417,0.779904485,0.039747898,0.000632938,0.004561933,0.000896028,0.000669469,0.000208737,9.77575764409266e-05,8.88395879883319e-05,-16.23359299,-14.17396927,-10.50787926,-14.10577965,-14.70506096,-9.775982857,-4.611775398,-9.000515938,-0.146932572,-2.089643478,-8.443074226,-8.524794579,-6.547211647,-11.68808365,-7.191951275,-10.66828728,-10.71945,-9.812805176,-10.91665363,-10.00007057,-8.827800751,-7.006331444,-4.951058388,-5.823417664,-9.961333275,-6.151759624,-7.138998508,-4.263566971,-1.975721002,3.035004854,-4.117441654,4.548538685,1.57192409,-2.568015099,-0.592886448,-2.220416069,-2.511903763,-3.677311897,-4.43589735,-4.531555176,-13.62492371,-11.80345345,-9.748180389,-10.62054062,-14.75845528,-10.9488821,-11.93612099,-9.060689926,-6.772843361,-1.762117505,-8.914564133,-0.248583809,-3.225198269,-7.365137577,-5.390008926,-7.017538548,-7.309026241,-8.474433899,-9.233019829,-9.328678131,-2.052574396133423,-2.103855609893799,0.05128121376037598,-2.784533977508545,-0.8120901584625244,-1.9724438190460205,-1.4576067924499512,-1.841172456741333,0.38356566429138184,-1.5166282653808594,-1.5773780345916748,0.06074976921081543,-2.3311691284179688,-1.9640984535217285,-0.36707067489624023
28,E108V,1QUG,0.7,5.4,,Neutral,[71],108.0,E,V,V,E,-0.938653111,3.979070902,1.934198737,4.349853039,-1.10383153,8.501940727,11.92912483,3.743071318,8.392856598,3.752625704,2.306305408,0.525881767,1.030761123,0.55135113,5.02001667,-2.585055351,-4.641725063,-0.386984915,-5.619195461,-7.713617325,2.42425335272856e-06,0.000331374,4.2878687963821e-05,0.000480117,2.05514288609265e-06,0.030519385,0.939686358,0.000261713,0.027365359,0.000264225,6.22079314780422e-05,1.04861819636426e-05,1.73733478732174e-05,1.07566929727909e-05,0.000938416,4.67255659941657e-07,5.97522813450269e-08,4.20885953644756e-06,2.24824923122924e-08,2.76852185621124e-09,1.12131090190815e-07,2.532179132686e-05,4.58228205388878e-05,5.41642657481134e-05,2.46545965865153e-07,0.003731485,0.082851015,0.00786691,0.075926133,0.054159053,0.003425923,0.001574535,0.011048703,0.009133594,0.746653974,0.000294602,2.19545145228039e-05,0.003168081,1.12076349978452e-05,7.39185270504095e-06,-12.92998695,-8.012263298,-10.05713558,-7.641480923,-13.09516525,-3.489393234,-0.062209122,-8.248262405,-3.598477364,-8.238708496,-9.685028076,-11.46545219,-10.9605732,-11.43998241,-6.971317291,-14.57638931,-16.63305855,-12.37831879,-17.61052895,-19.70495224,-7.195599079,-1.775847793,-1.182730675,-1.015491843,-6.407720089,3.217048883,6.317286491,3.962907553,6.230003357,5.892167568,3.131613255,2.354202032,4.302555561,4.112201691,8.515844345,0.678110778,-1.918540359,3.053368568,-2.590917349,-3.007134438,-16.00359726,-10.58384514,-9.990728378,-9.823489189,-15.21571732,-5.590949059,-2.490711212,-4.845089912,-2.577994347,-2.915830135,-5.676384449,-6.453795433,-4.505442142,-4.695796013,-0.292153418,-8.129886627,-10.7265377,-5.754629135,-11.39891529,-11.81513214,-1.8209739923477173,-3.4736061096191406,1.6526321172714233,-2.255031108856201,-1.5665069818496704,-0.6885241270065308,-2.4620823860168457,-2.4173707962036133,-0.04471158981323242,-2.9060189723968506,-1.6904419660568237,-1.2155770063400269,-1.2126431465148926,-3.212924003601074,2.0002808570861816
29,T109 N,1L59,0.1,5.7 -5.9,,Neutral,[67],109.0,T,N,D,E,0.9042449,1.748512387,-2.334452152,0.492144048,-4.67206049,0.425075471,-1.082408786,3.293653965,-1.444653988,0.012636296,0.893296003,-1.71090126,0.931167364,1.939948559,3.088642597,0.03378021,-1.135074496,0.240982145,-1.531297922,-3.951402187,0.032100864,0.074675374,0.001258834,0.02125904,0.000121551,0.019879989,0.004402749,0.350125611,0.003064805,0.013161214,0.031751316,0.002348406,0.03297684,0.090430945,0.28522566,0.013442457,0.004176876,0.016537327,0.002810437,0.000249883,0.087573029,0.040681619,0.001337744,0.021168854,1.05447270470904e-05,0.029241377,0.008609709,0.151418656,0.005928642,0.023078216,0.021322917,0.00359507,0.063031659,0.121839397,0.387201041,0.008405964,0.001917367,0.022353353,0.001040047,0.000244955,-3.438872337,-2.594604969,-6.677569389,-3.850973129,-9.015177727,-3.918041706,-5.425526142,-1.049463272,-5.787771225,-4.330481052,-3.449820995,-6.054018497,-3.411949873,-2.403168678,-1.25447464,-4.309337139,-5.478191853,-4.102135181,-5.874415398,-8.294519424,1.500188112,0.733491421,-2.681300163,0.080245987,-7.524414539,0.403299898,-0.819394469,2.047763586,-1.192489624,0.16660434,0.087497413,-1.692721367,1.171352267,1.830418825,2.98665905,-0.843343616,-2.321332455,0.134691507,-2.933018684,-4.378964424,-2.43528223,-3.201978922,-6.616770744,-3.855224371,-11.45988464,-3.532170534,-4.754864693,-1.887706757,-5.127960205,-3.768866062,-3.84797287,-5.628191948,-2.764118195,-2.105051517,-0.948811233,-4.778813839,-6.256802559,-3.800778866,-6.868489265,-8.314435005,-2.6265382766723633,-2.445195198059082,-0.18134307861328125,-2.999394178390503,-1.2969720363616943,-1.7024221420288086,-3.2802977561950684,-2.4550232887268066,-0.8252744674682617,-3.6092069149017334,-1.7550952434539795,-1.854111671447754,-2.705348014831543,-2.1745471954345703,-0.5308008193969727
30,T109D,1L62,0.6,5.7 -5.9,,Neutral,[67],109.0,T,D,D,E,2.043627262,1.270677447,-2.652881622,-0.382944942,-5.408433437,-0.846917391,-2.206732273,3.110262394,-2.425346613,-0.537676573,0.548006117,-1.898437738,0.938921392,2.274594784,2.92654705,-0.031399883,-1.098600149,0.453811139,-1.5036304,-4.198597908,0.107778728,0.049755983,0.000983706,0.009521077,6.25380635028705e-05,0.005986674,0.001536828,0.31316039,0.001235044,0.008156183,0.024154218,0.00209178,0.035707992,0.135781616,0.260603487,0.013531948,0.004654585,0.021982886,0.003104406,0.000209686,0.087573029,0.040681619,0.001337744,0.021168854,1.05447270470904e-05,0.029241377,0.008609709,0.151418656,0.005928642,0.023078216,0.021322917,0.00359507,0.063031659,0.121839397,0.387201041,0.008405964,0.001917367,0.022353353,0.001040047,0.000244955,-2.227674961,-3.000624657,-6.924183846,-4.654247284,-9.679735184,-5.118219376,-6.478034496,-1.161039829,-6.696648598,-4.808979034,-3.723296165,-6.169739723,-3.332380772,-1.996707439,-1.344755173,-4.30270195,-5.369902611,-3.817491055,-5.774932861,-8.469900131,1.500188112,0.733491421,-2.681300163,0.080245987,-7.524414539,0.403299898,-0.819394469,2.047763586,-1.192489624,0.16660434,0.087497413,-1.692721367,1.171352267,1.830418825,2.98665905,-0.843343616,-2.321332455,0.134691507,-2.933018684,-4.378964424,-2.43528223,-3.201978922,-6.616770744,-3.855224371,-11.45988464,-3.532170534,-4.754864693,-1.887706757,-5.127960205,-3.768866062,-3.84797287,-5.628191948,-2.764118195,-2.105051517,-0.948811233,-4.778813839,-6.256802559,-3.800778866,-6.868489265,-8.314435005,-3.690887928009033,-2.445195198059082,-1.2456927299499512,-4.970678329467773,-1.2969720363616943,-3.673706293106079,-4.028294086456299,-2.4550232887268066,-1.5732707977294922,-4.333868026733398,-1.7550952434539795,-2.578772783279419,-4.140773773193359,-2.1745471954345703,-1.966226577758789
31,N116D,1L57,0.6,5.7 -5.9,,Neutral,[67],116.0,N,D,D,E,-9.232827187,-5.469909191,-4.946558952,-4.197654724,-7.420855999,-2.450763702,-4.260001183,6.886910439,-3.937548399,0.142209113,4.675391197,-0.422306538,3.013825417,4.151287079,6.033525467,4.54761076,0.147053152,1.769740224,0.02645421,-2.312016964,5.77798360268389e-08,2.48880360231851e-06,4.200287094136e-06,8.88226077222498e-06,3.53757087623308e-07,5.09552155563142e-05,8.34540151117835e-06,0.578747571,1.15209040814079e-05,0.000681244,0.063392609,0.000387379,0.012034547,0.037533846,0.24652946,0.055788446,0.000684552,0.003468409,0.00060678,5.85390662308782e-05,6.91846507834271e-05,0.000639159,3.67097163689323e-05,0.001306599,5.71722125641827e-07,0.002116429,9.6249787020497e-05,0.143413156,7.79207839514129e-05,0.015245052,0.059401456,0.001752768,0.043613374,0.156414598,0.472123146,0.059760738,0.00716345,0.021311747,0.01466147,0.00079623,-16.66662598,-12.90370846,-12.38035774,-11.63145447,-14.85465527,-9.884563446,-11.69379997,-0.546888888,-11.37134743,-7.291590214,-2.75840807,-7.856105804,-4.41997385,-3.282512188,-1.4002738,-2.886188507,-7.286746025,-5.664059162,-7.407344818,-9.745816231,-3.321463585,-1.098088622,-3.955200672,-0.383059382,-8.117344856,0.099243641,-2.991295099,4.315242767,-3.202549696,2.073768139,3.43383193,-0.089290693,3.124876976,4.402023315,5.506752968,3.439862013,1.31850481,2.408771515,2.034736156,-0.878354192,-9.578731537,-7.35535717,-10.2124691,-6.64032793,-14.37461281,-6.158024788,-9.248563766,-1.942025661,-9.459817886,-4.18350029,-2.823436499,-6.346559048,-3.132391453,-1.855245113,-0.750515401,-2.817406416,-4.938763618,-3.848496914,-4.222532272,-7.135622501,-3.5489494800567627,-1.6989192962646484,-1.8500301837921143,-3.862600326538086,-0.6229677796363831,-3.239632546901703,-3.964463949203491,-2.0343222618103027,-1.9301416873931885,-3.5120325088500977,-2.375596523284912,-1.1364359855651855,-6.0478434562683105,-3.283154010772705,-2.7646894454956055
32,S117F,1TLA,1.1,5.4,,Neutral,[72],117.0,S,F,F,A,-6.705602169,-4.123038292,-4.503110886,-4.129558563,-5.874448299,-1.80120635,-1.478856802,-4.384302139,-2.729178905,-0.244286805,-3.330356836,1.004071474,-3.837819576,-3.816125393,-3.705559731,0.163535416,8.885475159,-6.726501942,4.46925354,1.731978178,1.67114990290429e-07,2.21110235543165e-06,1.51197775721812e-06,2.19673233914364e-06,3.83690377248058e-07,2.25407075049588e-05,3.11144540319219e-05,1.70272073773958e-06,8.91156742000021e-06,0.000106937,4.88501746076508e-06,0.000372635,2.94088181362895e-06,3.00537863040518e-06,3.35673803419922e-06,0.000160784,0.986584842,1.63658711471726e-07,0.011917735,0.000771632,0.000272459,0.704178929,0.001368689,0.283382773,6.92991525284015e-05,0.009350548,0.000520331,0.000509709,7.64577907830244e-06,2.05723699764349e-06,9.4652445113752e-05,2.62826815742301e-05,2.5206385544152e-05,9.53158360061934e-06,7.62913259677589e-05,6.90843007760122e-05,2.48741689574672e-05,4.19855678046588e-06,5.74736168346135e-06,1.63299432642816e-06,-15.60458374,-13.02201939,-13.40209198,-13.02853966,-14.77342987,-10.70018768,-10.37783813,-13.28328323,-11.62816048,-9.143267632,-12.22933769,-7.894909859,-12.73680115,-12.71510696,-12.60454082,-8.735445976,-0.013505954,-15.62548256,-4.429727554,-7.167002678,-1.028238058,6.829061031,0.585881829,5.918827057,-2.397294521,2.507463694,-0.381261855,-0.401886165,-4.601572514,-5.914362907,-2.085514545,-3.366816998,-3.408629417,-4.381115437,-2.30116725,-2.400399446,-3.421897411,-5.200986385,-4.886985779,-6.145311356,-8.208022118,-0.35072279,-6.593902111,-1.260956764,-9.577077866,-4.672320366,-7.561045647,-7.581669807,-11.78135681,-13.09414673,-9.265298843,-10.54660034,-10.58841324,-11.56089973,-9.480951309,-9.580183029,-10.60168076,-12.38076973,-12.0667696,-13.32509518,-4.824968338012695,-3.0387532711029053,-1.78621506690979,-6.878714084625244,-2.8547515869140625,-4.023962497711182,-3.707334041595459,-2.588590145111084,-1.118743896484375,-2.5348215103149414,-2.7726917266845703,0.2378702163696289,-3.6158835887908936,-4.627269744873047,1.0113861560821533
33,M120 L,233L,0.5,3,,Neutral,[73],120.0,M,L,L,L,-10.82474518,-7.098561764,-4.318847179,-6.724323273,-10.43113995,-8.95245266,-12.50981331,-1.55049777,-8.709177017,9.6358881,-0.055784106,6.556566715,2.965956211,1.57882309,3.876811028,2.73235178,3.176602364,-1.428508878,3.477864981,-2.399712324,1.2319570918961602e-09,5.11512503464928e-08,8.24272831323469e-07,7.43680175219197e-08,1.8261505640992901e-09,8.011656227324691e-09,2.28444027583485e-10,1.31325768961688e-05,1.02182182715183e-08,0.9474051,5.8545821957523e-05,0.043571591,0.001201769,0.00030019,0.002988136,0.000951411,0.001483555,1.48364233609755e-05,0.00200512,5.61746992389089e-06,2.5000944023356698e-11,2.2890516149232103e-09,1.34577908283973e-06,1.35403475098883e-08,7.482651720458481e-10,4.13678264976625e-07,4.30398365836027e-08,0.0007907,9.23962602428219e-07,0.783382356,0.003952002,0.01742941,0.000643131,0.001083531,0.012673263,0.016596172,0.05528073,0.000375624,0.104393609,0.003396428,-20.51466179,-16.78847885,-14.00876427,-16.41423988,-20.1210556,-18.64236832,-22.19972992,-11.24041462,-18.39909363,-0.054028507,-9.745700836,-3.133349895,-6.7239604,-8.111093521,-5.813105583,-6.957564831,-6.513314247,-11.11842537,-6.212051392,-12.08962917,-16.17515564,-11.65817642,-5.281585693,-9.88064003,-12.77631283,-6.46122551,-8.724188805,1.094360352,-5.657642841,7.992817402,2.70341897,4.187355518,0.887789547,1.409421563,3.868690968,4.138368607,5.341620922,0.350029469,5.977365017,2.551921129,-24.41210747,-19.89512825,-13.51853752,-18.11759186,-21.0132637,-14.69817734,-16.96113968,-7.142591476,-13.89459419,-0.244134411,-5.533533096,-4.04959631,-7.349162102,-6.827530384,-4.36826086,-4.098583221,-2.895330906,-7.886922359,-2.259586811,-5.685030937,-0.9057121276855469,-3.451016426086426,2.545304298400879,-0.9501954317092896,-3.2903637886047363,2.3401683568954468,-0.8440164923667908,-3.167665481567383,2.323648989200592,-0.800666093826294,-2.822068691253662,2.021402597427368,-0.767367422580719,-3.3457558155059814,2.5783883929252625
34,M120Y,1P6Y,-0.1,5,,Neutral,[69],120.0,M,Y,Y,L,-13.51251602,-10.40017033,-4.692040443,-10.77056694,-12.50656223,-8.111180305,-12.45663929,-3.347616911,-10.11264229,8.012360573,-0.388571441,8.11855793,1.044114709,4.58241415,2.271573544,5.022298813,9.86188221,2.734141111,10.47174835,1.902447939,2.2141500438666e-11,4.97600904925122e-10,1.49930826864875e-07,3.43574085848175e-10,6.05461861202805e-11,4.90881779668939e-09,6.36455541047631e-11,5.75130684410397e-07,6.633663063304601e-10,0.049356252,1.10882647277322e-05,0.054886188,4.64591830677819e-05,0.001598584,0.000158544,0.002481846,0.31374675,0.000251791,0.577352047,0.000109608,2.5000944023356698e-11,2.2890516149232103e-09,1.34577908283973e-06,1.35403475098883e-08,7.482651720458481e-10,4.13678264976625e-07,4.30398365836027e-08,0.0007907,9.23962602428219e-07,0.783382356,0.003952002,0.01742941,0.000643131,0.001083531,0.012673263,0.016596172,0.05528073,0.000375624,0.104393609,0.003396428,-24.53356743,-21.42122269,-15.71309185,-21.79161835,-23.52761459,-19.13223267,-23.47769165,-14.36866856,-21.1336937,-3.008690834,-11.40962315,-2.902493477,-9.97693634,-6.438637257,-8.749477386,-5.998752594,-1.159169197,-8.286910057,-0.549303055,-9.118603706,-16.17515564,-11.65817642,-5.281585693,-9.88064003,-12.77631283,-6.46122551,-8.724188805,1.094360352,-5.657642841,7.992817402,2.70341897,4.187355518,0.887789547,1.409421563,3.868690968,4.138368607,5.341620922,0.350029469,5.977365017,2.551921129,-24.41210747,-19.89512825,-13.51853752,-18.11759186,-21.0132637,-14.69817734,-16.96113968,-7.142591476,-13.89459419,-0.244134411,-5.533533096,-4.04959631,-7.349162102,-6.827530384,-4.36826086,-4.098583221,-2.895330906,-7.886922359,-2.259586811,-5.685030937,-1.642458200454712,-3.451016426086426,1.8085582256317139,-2.454146385192871,-3.2903637886047363,0.8362174034118652,-2.5196447372436523,-3.167665481567383,0.6480207443237305,-2.5803139209747314,-2.822068691253662,0.24175477027893066,-1.7124102115631104,-3.3457558155059814,1.633345603942871
35,N144D,1L20,,5,2.0,Neutral,[68],144.0,N,D,D,D,1.095880508,1.993894458,-2.029427528,0.268915176,-5.109068871,-2.518186331,-5.194630146,7.787336349,-4.123256207,2.352535248,3.476413488,0.213167369,3.358260155,2.325988531,6.375945091,1.549343944,-0.885361552,1.037428737,-1.557120323,-2.768436432,0.000964916,0.002368601,4.23823730670847e-05,0.00042203,1.94856124835496e-06,2.59968001046218e-05,1.78877382950304e-06,0.77723372,5.22211939824047e-06,0.003390373,0.01043138,0.000399146,0.009268901,0.003301555,0.189492568,0.001518539,0.00013306,0.000910131,6.79681834299117e-05,2.02412720682332e-05,0.000444912,0.006681923,0.000179406,0.00142479,1.82827579919831e-06,0.000580787,6.90357555868104e-05,0.778460324,4.95856074849144e-05,0.006752923,0.017927378,0.000683723,0.01378695,0.003122396,0.16849415,0.000739269,0.000145629,0.00041382,3.81224781449419e-05,2.96623784379335e-06,-6.943470001,-6.045455933,-10.06877804,-7.770435333,-13.14841938,-10.55753708,-13.23398018,-0.25201419,-12.16260719,-5.686815262,-4.562936783,-7.826183319,-4.681090355,-5.71336174,-1.663405418,-6.490006447,-8.924712181,-7.001921654,-9.596470833,-10.80778694,-0.904253006,1.805032849,-1.812476158,0.259651542,-6.398755074,-0.63774395,-2.7675035,6.562944889,-3.098427773,1.815602541,2.791955709,-0.474575639,2.529349327,1.0442276,5.032527924,-0.396467119,-2.021065474,-0.976697147,-3.36132431,-5.914834023,-7.717635155,-5.008349419,-8.625858307,-6.553730488,-13.21213722,-7.451126099,-9.580885887,-0.25043726,-9.911809921,-4.997779846,-4.021426201,-7.287957668,-4.284032822,-5.769154549,-1.780854225,-7.209849358,-8.834447861,-7.790079117,-10.17470646,-12.72821617,-3.482353687286377,-1.7445988655090332,-1.7377548217773438,-2.624074935913086,-1.2106376886367798,-1.4134372472763062,-3.0289034843444824,-2.5296595096588135,-0.49924397468566895,-3.177100419998169,-2.2415201663970947,-0.9355802536010742,-2.464080810546875,-1.1195049285888672,-1.3445758819580078
36,V149I,1G0Q,-0.1,5.4,,Neutral,[70],149.0,V,I,I,V,-3.022286892,-0.619684875,0.185665011,-0.503649116,-4.883031845,0.324497283,4.080880165,3.630222321,9.23797226,7.107833862,0.689813375,0.949603379,2.645675182,-0.871134758,3.14202261,3.117637396,-0.899865627,-0.895106733,-0.949601591,1.111515999,4.17169576394372e-06,4.61051531601697e-05,0.000103159,5.17777843924705e-05,6.48935554181662e-07,0.000118523,0.005071999,0.003231922,0.88079679,0.104657024,0.000170788,0.000221454,0.001207473,3.58547222276684e-05,0.001983528,0.001935745,3.48392240994144e-05,3.50054469890893e-05,3.31488736264873e-05,0.000260376,1.0222706237073e-07,1.6525635828657e-06,4.93848056066781e-05,2.44823286266183e-06,5.35283994906877e-08,0.000267994,0.925649166,0.002277035,0.07096836,1.13692112790886e-05,0.000590533,8.4194618921174e-07,6.67763833916979e-06,1.48849622405578e-07,0.000171674,1.25766689507145e-06,4.78221807043155e-07,6.13983672792529e-08,2.91772096261411e-07,3.77858384581486e-08,-12.38718796,-9.984585762,-9.179235458,-9.868549347,-14.24793243,-9.040403366,-5.284020424,-5.734678268,-0.126928344,-2.257066727,-8.675086975,-8.415297508,-6.719225407,-10.23603535,-6.222877979,-6.247262955,-10.26476669,-10.2600069,-10.31450176,-8.25338459,-4.353226662,-1.570340991,1.826974034,-1.177302122,-5.000210762,3.518295527,11.6655817,5.657960892,9.097320557,0.35823983,4.308356762,-2.244708061,-0.173904419,-3.977487087,3.072927713,-1.843410134,-2.810349464,-4.863040447,-3.304451227,-5.348489761,-16.09606934,-13.31318283,-9.915867805,-12.92014408,-16.74305344,-8.224546432,-0.077259995,-6.084880829,-2.645521164,-11.38460159,-7.434484959,-13.98754978,-11.91674614,-15.72032928,-8.669914246,-13.58625221,-14.55319118,-16.60588264,-15.04729271,-17.09133148,-2.55700945854187,-2.977487087249756,0.42047762870788574,-2.787452459335327,-3.384049892425537,0.59659743309021,-2.17449951171875,-2.3603391647338867,0.18583965301513672,-2.317960023880005,-2.595520496368408,0.2775604724884033,-3.1087262630462646,-4.0217766761779785,0.9130504131317139
37,V149M,1CV6,-2.8,5.4,,Neutral,[66],149.0,V,M,L,V,-5.584427357,-1.602894187,-0.459158361,-2.935410261,-4.46870327,-2.48844409,-0.668957353,2.37050724,3.664646626,7.505348682,-0.168286741,1.793604851,1.69869411,-0.391611814,2.12218523,3.221475601,-1.023664951,-1.070580482,-1.012176275,0.402585745,1.95828351934324e-06,0.000104962,0.000329421,2.76903992926236e-05,5.97624784859363e-06,4.32956367149018e-05,0.000267077,0.005580328,0.020356232,0.947748542,0.000440632,0.00313411,0.00285033,0.000352441,0.004353263,0.013068648,0.000187322,0.000178737,0.000189487,0.000779834,1.0222706237073e-07,1.6525635828657e-06,4.93848056066781e-05,2.44823286266183e-06,5.35283994906877e-08,0.000267994,0.925649166,0.002277035,0.07096836,1.13692112790886e-05,0.000590533,8.4194618921174e-07,6.67763833916979e-06,1.48849622405578e-07,0.000171674,1.25766689507145e-06,4.78221807043155e-07,6.13983672792529e-08,2.91772096261411e-07,3.77858384581486e-08,-13.14344215,-9.161909103,-8.018173218,-10.49442482,-12.02771759,-10.04745865,-8.227972031,-5.188507557,-3.894368172,-0.053666066,-7.727301598,-5.765409946,-5.860320568,-7.950626373,-5.436829567,-4.337539196,-8.582679749,-8.629594803,-8.571190834,-7.156429291,-4.353226662,-1.570340991,1.826974034,-1.177302122,-5.000210762,3.518295527,11.6655817,5.657960892,9.097320557,0.35823983,4.308356762,-2.244708061,-0.173904419,-3.977487087,3.072927713,-1.843410134,-2.810349464,-4.863040447,-3.304451227,-5.348489761,-16.09606934,-13.31318283,-9.915867805,-12.92014408,-16.74305344,-8.224546432,-0.077259995,-6.084880829,-2.645521164,-11.38460159,-7.434484959,-13.98754978,-11.91674614,-15.72032928,-8.669914246,-13.58625221,-14.55319118,-16.60588264,-15.04729271,-17.09133148,-2.4532370567321777,-2.977487087249756,0.5242500305175781,-3.013031005859375,-3.384049892425537,0.3710188865661621,-2.7532076835632324,-2.3603391647338867,-0.3928685188293457,-3.3838939666748047,-2.595520496368408,-0.7883734703063965,-3.823483943939209,-4.0217766761779785,0.19829273223876953
38,T151S,130L,,5.4,0.93,Neutral,[65],151.0,T,S,A,E,0.483624935,8.567762375,0.778333783,7.911073208,-7.367173672,3.495420933,-4.222486973,3.55344367,-9.005950928,-9.306998253,1.285010815,-5.212899208,-1.440986514,-5.641675949,0.639236271,-4.468002796,-9.774996758,-8.037258148,-10.54823017,-14.93686771,0.00020113,0.652189136,0.000270065,0.338202745,7.83283482519437e-08,0.004087744,1.81818757027941e-06,0.004331943,1.52127341834785e-08,1.12580620381664e-08,0.000448244,6.75317892273597e-07,2.93514221993973e-05,4.39838174770557e-07,0.000234995,1.4223696780391e-06,7.050411809927941e-09,4.0077924978732e-08,3.2538947092319904e-09,4.04056822722598e-11,2.08837658277616e-08,3.89280612580478e-05,0.000147367,0.000288764,1.4127213177062e-08,0.055523321,0.000774874,0.002817279,0.000528378,0.002486197,0.008943751,0.005644245,0.161183387,0.016303593,0.639675677,0.096378945,0.001415091,0.006568597,0.001147109,0.000134205,-8.511558533,-0.427420676,-8.216849327,-1.084109783,-16.36235619,-5.499762058,-13.21767044,-5.441739082,-18.00113297,-18.30218124,-7.710172176,-14.2080822,-10.43616962,-14.63685894,-8.355946541,-13.46318626,-18.77017975,-17.03244019,-19.54341316,-23.9320507,-13.31568718,-5.785189152,-4.453974724,-3.781293631,-13.70655632,1.477654457,-2.79420352,-1.503376722,-3.177093029,-1.628394604,-0.348193824,-0.80851239,2.543394089,0.252236724,3.921812534,2.029139042,-2.191954851,-0.656848311,-2.401903868,-4.54753685,-17.68429375,-10.15379524,-8.822581291,-8.149900436,-18.07516289,-2.89095211,-7.162810326,-5.871983528,-7.545699596,-5.997001171,-4.716800213,-5.177118778,-1.825212479,-4.116369724,-0.446793973,-2.339467525,-6.56056118,-5.025454998,-6.770510674,-8.916143417,-2.731499195098877,-3.1325252056121826,0.40102601051330566,-3.1280879974365234,-2.9931437969207764,-0.13494420051574707,-2.597240447998047,-2.885080575942993,0.2878401279449463,-2.592539072036743,-3.2043519020080566,0.6118128299713135,-3.2325453758239746,-3.757140636444092,0.5245952606201172
39,T152 V,1G0L,0.2,5.4,,Neutral,[70],152.0,T,V,V,T,-7.403069496,-2.298254251,-0.999787211,-2.40892148,-5.804048061,4.091326237,7.518402576,-5.580711365,3.519043446,0.062569432,-0.35464102,-2.631630659,-2.734677315,-5.460058212,-2.708674192,-4.942844868,-7.628827572,-5.323430538,-10.36819744,-12.95680237,3.1447822834707e-07,5.18303022545297e-05,0.00018989,4.6400378778344e-05,1.55609791363531e-06,0.03087048,0.950394094,1.94549920706777e-06,0.017418234,0.000549385,0.00036198,3.71364512830041e-05,3.35002077918034e-05,2.19497746911657e-06,3.43827668984886e-05,3.68173664355709e-06,2.50925751288378e-07,2.51632332037843e-06,1.62125690650328e-08,1.2179667274736502e-09,7.13208964953083e-06,0.001169406,0.002322664,0.001038684,1.27661121496203e-06,0.986259878,0.008270237,8.91222134669079e-06,0.000170531,6.48762870696373e-05,0.000390104,7.12970577296801e-05,8.76337580848485e-05,1.21539324027253e-05,0.000106206,5.66123708267696e-06,6.0482830122055e-07,1.26000368254608e-05,1.89734024047539e-08,1.62757041177741e-09,-14.97235107,-9.867535591,-8.569067955,-9.97820282,-13.37332916,-3.477954865,-0.050878543,-13.14999199,-4.050237656,-7.506711483,-7.923922062,-10.20091152,-10.30395889,-13.02933884,-10.27795506,-12.51212597,-15.19810867,-12.89271164,-17.93747902,-20.52608299,-5.734319687,-0.634673238,0.051545858,-0.753214002,-7.454714775,6.102751255,1.321494699,-5.511500359,-2.560009003,-3.526441813,-1.732511759,-3.432068586,-3.225758076,-5.201271057,-3.033541203,-5.965281487,-8.201734543,-5.165224552,-11.66364098,-14.11959076,-11.85090637,-6.751259804,-6.065040588,-6.869800568,-13.57130146,-0.013835391,-4.795092106,-11.62808704,-8.676595688,-9.643028259,-7.849098206,-9.54865551,-9.342344284,-11.31785774,-9.150127411,-12.08186817,-14.31832123,-11.28181076,-17.78022766,-20.23617744,-3.4757256507873535,-3.825040817260742,0.34931516647338867,-2.7146687507629395,-3.753065586090088,1.0383968353271484,-3.4728705883026123,-3.496644973754883,0.023774385452270508,-2.90667462348938,-3.1884803771972656,0.28180575370788574,-3.167341947555542,-3.420079469680786,0.25273752212524414
