,M,N,I,F,E,M,L,R,I,D,E,G,L,R,L,K,I,Y,K,D,T,E,G,Y,Y,T,I,G,I,G,H,L,L,T,K,S,P,S,L,N,A,A,K,S,E,L,D,K,A,I,G,R,N,C,N,G,V,I,T,K,D,E,A,E,K,L,F,N,Q,D,V,D,A,A,V,R,G,I,L,R,N,A,K,L,K,P,V,Y,D,S,L,D,A,V,R,R,C,A,L,I,N,M,V,F,Q,M,G,E,T,G,V,A,G,F,T,N,S,L,R,M,L,Q,Q,K,R,W,D,E,A,A,V,N,L,A,K,S,R,W,Y,N,Q,T,P,N,R,A,K,R,V,I,T,T,F,R,T,G,T,W,D,A,Y,K,N,L
<eos>,-25.37324,-23.13608,-23.204205,-23.823105,-25.55788,-22.78207,-26.2068,-25.655952,-24.127382,-26.229664,-31.108864,-27.773996,-25.745438,-26.230356,-26.423944,-25.391455,-25.62565,-26.86379,-23.61452,-28.74031,-24.713879,-25.848007,-27.580833,-24.095406,-23.108082,-31.697065,-27.630667,-30.206839,-24.43069,-30.107658,-27.682636,-25.641693,-25.244421,-24.095232,-24.317192,-22.435575,-23.037422,-22.59475,-22.057507,-22.429821,-21.682173,-21.932676,-21.571932,-22.02444,-21.436985,-22.522081,-21.498371,-22.006748,-22.041895,-23.518297,-22.713501,-24.099049,-22.882763,-23.161797,-23.770222,-22.808477,-23.621786,-28.137548,-25.915195,-22.506609,-25.230886,-23.574255,-31.061956,-24.22103,-22.769571,-25.616045,-27.13647,-23.491888,-23.9635,-28.122229,-25.746235,-23.37624,-22.549929,-26.916058,-23.306969,-23.693966,-23.1339,-25.886074,-23.011007,-24.95353,-23.287056,-24.495161,-23.232927,-25.581945,-23.413475,-23.966028,-25.827707,-25.003786,-24.872753,-25.419178,-25.642859,-26.998648,-23.652185,-23.372791,-25.43589,-25.186068,-24.793417,-29.874027,-26.654263,-27.012377,-25.834759,-25.945488,-27.405575,-25.9288,-27.831236,-26.007664,-30.695406,-25.755161,-26.175076,-27.757504,-26.215319,-24.394112,-25.9707,-26.060053,-26.124437,-25.963133,-28.450573,-25.888945,-26.665379,-26.872679,-28.204111,-25.3997,-27.079443,-25.400667,-26.860723,-23.38924,-24.520607,-26.706886,-29.096308,-25.5107,-23.869518,-26.659815,-26.951248,-24.2587,-25.319576,-29.801416,-27.68934,-27.440804,-28.492994,-26.571764,-27.083652,-30.108585,-26.38594,-27.096523,-29.543411,-27.696842,-24.05995,-25.487637,-25.950277,-23.82595,-23.922516,-24.159678,-22.431782,-23.57431,-23.968355,-23.382938,-23.797636,-22.54914,-22.989088,-23.062864,-23.008799,-22.75526,-23.154139,-23.59812
L,-9.729444,-4.564266,-2.3624432,-2.4752235,-6.3402743,-2.1667056,-0.5172112,-4.268066,-3.374,-6.8462143,-12.211402,-8.642514,-1.149141,-5.212782,-0.7197499,-5.3149796,-4.4404283,-7.632653,-3.4882345,-10.799411,-5.0432897,-1.7639005,-8.040874,-3.479867,-3.3111267,-10.819234,-4.302574,-10.575673,-3.8166165,-11.929695,-9.217218,-0.2038972,-1.4138585,-3.1881502,-4.138706,-4.056672,-3.456245,-3.4971163,-2.2112877,-3.3683844,-2.7013814,-2.8101416,-1.8924354,-3.3142452,-2.565452,-1.7656324,-2.705605,-3.3102162,-1.7226162,-1.1970617,-2.8862154,-2.1109376,-3.5683146,-2.5230482,-4.0582705,-1.7037833,-3.579937,-3.3171327,-6.309307,-2.4601562,-4.711535,-3.7436595,-8.404263,-4.1813364,-2.9818947,-0.63104993,-2.4696007,-3.348458,-3.4515982,-10.051153,-1.4213219,-3.745663,-2.7608404,-5.559307,-2.73137,-4.0503325,-2.4681115,-2.1934595,-3.0066195,-4.151776,-2.9395752,-5.215208,-4.8543634,-2.0724232,-2.6412702,-4.9998264,-3.0191307,-2.5464747,-4.2024927,-5.441412,-0.3384269,-7.176465,-4.369199,-4.85324,-6.6815896,-4.4784927,-3.2615914,-3.9582608,-0.4257315,-2.2237568,-5.7418966,-2.1694396,-5.0365934,-5.5420437,-8.419053,-0.79929614,-12.11736,-3.354043,-4.375538,-7.9237957,-0.92775023,-2.2577024,-5.4278145,-4.8866677,-4.6403484,-5.307608,-4.955619,-0.6728061,-4.380178,-0.95019543,-0.65761465,-3.4032798,-3.1730974,-5.469409,-4.794744,-2.8658273,-5.3303638,-4.253844,-7.332244,-4.2626877,-3.0213122,-5.241335,-1.8718898,-1.8464965,-4.791359,-8.987758,-4.3674526,-6.4015517,-6.587422,-4.1801786,-4.611532,-4.246211,-5.775861,-5.414547,-8.690525,-4.126732,-3.7581773,-4.711546,-2.6192183,-1.4558635,-3.7929783,-1.3340341,-1.8260572,-2.8685794,-3.443301,-4.527547,-3.640561,-3.136824,-3.2052104,-2.7563813,-1.5637802,-2.252441,-3.8520932,-2.2915034
A,-10.6656275,-3.389622,-2.5859404,-2.7275689,-3.7133842,-2.40057,-2.6394227,-3.6744735,-2.1454487,-4.929052,-9.630464,-5.5430584,-4.635865,-3.2985425,-3.4965966,-3.7446165,-0.7006144,-7.344901,-3.5661535,-8.688393,-3.3571005,-1.8974869,-6.4484677,-4.671399,-3.7883973,-8.296723,-5.3504047,-6.4038725,-4.2963743,-6.590979,-8.74111,-5.165131,-3.8727946,-2.405703,-2.452914,-3.2169416,-2.5327115,-2.195041,-2.4418578,-1.8027534,-2.2876449,-3.0904484,-2.4185998,-1.532813,-1.8563719,-1.9500241,-2.1683183,-2.0450084,-2.46689,-2.8082533,-2.0323932,-2.9998531,-3.0339336,-2.8085084,-2.8943276,-2.8497648,-2.8795464,-7.1279855,-4.986397,-3.1106067,-1.1760913,-3.688109,-0.06565821,-4.208838,-1.7783451,-4.4417014,-5.8532195,-1.489381,-1.6647764,-7.330562,-3.7945616,-2.5142179,-2.4538455,-0.3399666,-2.5641365,-1.8676888,-2.5173197,-3.3642104,-3.2983742,-1.3436843,-3.497875,-3.1707592,-2.4881425,-2.831081,-2.1917758,-2.961265,-3.1372871,-3.3000467,-2.698114,-3.4493475,-4.722468,-5.6134877,-3.319228,-3.0980678,-5.6955404,-4.8368845,-2.2456698,-0.45960313,-5.186424,-2.3174527,-4.4303303,-6.415182,-1.9803038,-7.467507,-7.8423657,-5.9147606,-7.470455,-1.8057269,-1.8644474,-2.089319,-1.5255722,-1.7778596,-3.2034292,-5.6431155,-3.1274552,-2.836854,-4.595538,-4.134382,-3.548296,-1.8161126,-4.5486264,-3.065436,-0.7645285,-4.4146633,-5.292013,-4.604719,-3.423661,-3.6146863,-0.09448775,-0.41004243,-1.6333643,-1.8484583,-5.365405,-1.9305254,-3.4745514,-4.7282376,-5.5618563,-4.7046485,-0.16298091,-2.4781437,-6.4280257,-6.2080317,-3.484756,-2.3079076,-9.882345,-1.0376557,-2.2027144,-3.8851495,-2.8997498,-1.7048986,-2.392943,-2.7985377,-2.6872096,-3.384412,-2.887939,-3.5804174,-3.360052,-3.249193,-2.6482959,-2.6478865,-2.9766984,-2.6853518,-2.4144564,-2.3262963
G,-10.491219,-3.7341774,-4.0690064,-4.4339104,-4.399189,-4.6513557,-5.449353,-5.7692842,-4.2716866,-6.1754613,-10.051068,-0.05326497,-5.5806093,-5.390929,-4.9719186,-4.3909817,-3.95883,-8.658149,-5.1445246,-7.3408585,-4.158526,-5.024832,-0.05759802,-5.497671,-5.3800683,-9.810277,-7.752392,-0.0046793246,-5.7453594,-0.0022004456,-8.818351,-6.156462,-5.915269,-2.9042063,-1.7331342,-3.9234972,-2.0327277,-2.8134844,-3.375312,-3.731188,-3.7137818,-3.4988666,-3.6484485,-3.5602918,-3.294464,-4.641858,-2.9059792,-3.7797236,-4.872788,-4.6112976,-1.9925357,-4.03102,-3.4518514,-4.0233073,-3.0981834,-3.1216986,-3.048842,-10.356521,-4.490774,-5.463294,-4.000391,-5.6270905,-3.4710178,-5.335379,-4.4171267,-7.4302835,-8.342659,-3.7725902,-3.6351779,-6.426315,-6.9281244,-4.229517,-3.8810387,-3.4898808,-4.725415,-3.7148743,-3.2433226,-5.8557253,-3.8951225,-3.018109,-3.8399453,-3.8164208,-2.6138377,-4.7482643,-4.1132026,-3.0638947,-5.727079,-5.10056,-4.122556,-2.0558639,-6.6206155,-4.7499914,-3.8979828,-2.5353472,-5.9276614,-6.2067194,-3.6222177,-3.8571541,-8.477481,-4.40929,-4.7293596,-7.636506,-5.4987917,-8.808686,-6.4240837,-7.362693,-0.0025969374,-2.8751988,-1.7854221,-0.5202473,-5.385436,-3.3014483,-1.2955701,-7.6217885,-3.9801419,-3.5694184,-7.4159484,-6.2674713,-5.807182,-5.7642946,-9.299338,-4.5318575,-4.040253,-0.9770534,-7.7053323,-6.1100597,-4.0074453,-5.9410424,-5.1327252,-2.7652411,-3.923864,-1.0428379,-7.5195794,-3.280065,-3.6742063,-4.8387446,-6.143305,-6.604643,-3.8156466,-3.4958038,-7.4908905,-9.611195,-1.7254083,-1.342393,-10.730557,-4.39072,-3.6848457,-5.165117,-5.245093,-4.3155403,-3.5475807,-4.2878623,-2.744792,-1.7846779,-2.9460802,-0.4640159,-3.4488127,-3.8441863,-3.2753415,-3.3068624,-3.6869783,-2.6565924,-1.4962441,-1.3771038
V,-9.826008,-4.470831,-2.6021543,-2.0769658,-5.8786635,-3.819089,-2.9941397,-4.6204143,-3.7948046,-6.57428,-11.553386,-8.645921,-3.8127398,-2.7773557,-4.6406403,-3.4102175,-3.1103094,-6.9584985,-3.8677118,-9.718138,-4.023034,-1.3674691,-9.8316555,-2.3814712,-3.453977,-9.29193,-1.7046092,-11.264302,-1.955533,-11.561604,-9.204872,-3.727889,-1.6766075,-2.5501337,-3.684907,-3.7763786,-3.333647,-3.211489,-2.392208,-3.0360146,-2.9839137,-3.236272,-2.5424356,-3.23251,-2.6548305,-2.282395,-3.117031,-3.4207976,-2.62014,-2.9981508,-3.385966,-2.0278466,-3.2312555,-2.305767,-3.2708056,-3.4093993,-2.5192094,-3.088494,-7.1276407,-3.1507149,-3.7421288,-3.3514013,-5.487607,-3.643815,-3.174753,-3.9188454,-6.838517,-3.704227,-3.4018912,-9.032709,-1.609005,-3.547481,-3.0875587,-2.6502852,-2.5702424,-4.075595,-2.146889,-0.8352704,-3.215046,-4.0126567,-3.5759714,-4.834004,-4.0562825,-1.455457,-3.4649148,-4.5299025,-0.54367393,-4.3230634,-5.050075,-5.630518,-4.0687246,-7.1391063,-3.847134,-3.7511039,-5.9808087,-4.7229342,-3.0091805,-2.165727,-3.4161818,-1.2199264,-5.6379395,-5.0165873,-1.0020721,-5.919195,-8.893758,-4.580901,-11.809057,-2.255031,-3.5271647,-6.8369184,-1.9536012,-3.2363124,-5.565469,-5.802501,-2.9691012,-5.379954,-5.1043797,-3.0329406,-4.909987,-5.641977,-2.4377842,-4.1461506,-4.4518843,-7.5825386,-7.8406987,-3.6977828,-4.9128675,-5.2314177,-3.6649072,-3.15598,-2.8794513,-5.4889584,-5.681489,-3.7759764,-5.624716,-8.100111,-4.10256,-3.9077854,-4.122753,-3.4752154,-6.7108345,-1.6403786,-5.447794,-4.0108933,-9.967207,-1.2447449,-4.0434446,-5.0007477,-3.38405,-2.8149786,-4.557884,-2.7146688,-2.933145,-4.0067377,-4.343894,-4.7946167,-3.4836674,-3.5695949,-3.5887141,-2.872406,-2.2232394,-2.7272227,-3.1489372,-2.785666
S,-10.571728,-2.0026588,-3.759116,-3.1841068,-3.1069894,-3.176394,-4.8657713,-4.0373917,-3.2525601,-4.9815135,-10.499013,-4.751329,-4.7729115,-2.709135,-2.5242848,-2.8251657,-3.6218216,-7.5174594,-3.907686,-7.0817986,-0.97091997,-4.009593,-5.325059,-4.8236027,-4.182018,-4.9314966,-6.8090124,-6.993156,-5.4781528,-8.151834,-6.9446325,-5.3854556,-4.5195284,-2.2893174,-2.0705552,-2.9672625,-2.856226,-2.3675706,-3.4286327,-2.5705285,-3.2847085,-1.5735735,-3.8279138,-2.7931612,-3.102861,-4.20014,-2.9295483,-3.0612743,-4.105349,-4.361454,-2.7381806,-4.018529,-2.4140546,-3.5837827,-2.3995714,-3.3911786,-3.139254,-9.223031,-1.1754158,-4.231638,-3.1198258,-5.854535,-3.908543,-4.8391,-3.2681637,-6.6112647,-7.1447477,-2.7922106,-2.7042732,-6.832932,-5.3897095,-3.122939,-3.1597552,-3.010679,-4.2606134,-2.5334806,-2.872808,-5.1984086,-3.4983582,-2.281746,-1.96237,-2.4821784,-2.1142771,-3.9219618,-3.2246313,-2.5241857,-5.097641,-4.472986,-3.2575588,-1.8195217,-5.4643807,-3.2973537,-3.356219,-2.975574,-5.4566164,-5.33197,-3.5122433,-2.3677254,-7.7281485,-3.9319732,-1.6570187,-6.4811854,-3.8768468,-7.4217567,-6.321704,-6.536174,-6.939394,-2.8470674,-2.0188322,-2.8432539,-4.471826,-2.472407,-2.0949357,-5.727367,-2.3835506,-2.3464093,-2.8547516,-5.503348,-4.6006174,-3.077808,-7.468212,-3.2403731,-2.7672346,-3.9851968,-6.246298,-5.93398,-3.5291007,-5.710045,-3.9234204,-2.756262,-3.3390613,-3.4549406,-6.2924337,-2.3640046,-3.3009965,-0.055930633,-4.784268,-6.643355,-3.776579,-2.535336,-7.0373445,-6.978647,-2.8386064,-2.9920292,-8.9776535,-2.2509542,-3.0336251,-4.2404327,-3.7731757,-3.7373602,-3.128088,-4.2150674,-3.4285553,-3.1539674,-2.272637,-3.4869432,-2.7864854,-3.7531521,-2.9456725,-3.3605413,-3.4270988,-3.1926181,-2.537037,-2.6508384
E,-9.831303,-2.6823206,-2.488548,-2.7959402,-1.1435385,-2.7638993,-4.9507637,-3.680631,-1.7160164,-1.1771439,-0.0009309487,-5.4943795,-2.9730015,-3.5932705,-3.5786448,-2.2926188,-3.9433541,-7.8046794,-2.441959,-6.859936,-3.5534997,-3.5030851,-6.0928755,-5.051112,-3.2970126,-12.446277,-7.7950153,-9.268498,-5.8441153,-10.103052,-8.822119,-6.636056,-5.7000437,-3.3112144,-2.866877,-3.0993297,-1.8066386,-1.898308,-2.4742765,-1.8645657,-1.6890678,-4.064153,-3.5280387,-2.2273586,-2.2983537,-4.40333,-2.1559272,-3.0118432,-4.098545,-4.71625,-2.8502476,-4.1842546,-3.4567413,-4.3941402,-3.5166192,-3.8773966,-3.4699988,-10.248966,-6.2271366,-2.1889384,-1.0427259,-0.8355265,-8.652919,-0.9063912,-3.1466122,-7.3459477,-9.939861,-2.1263866,-2.1623755,-4.47137,-6.62285,-1.3697472,-3.402649,-5.7857685,-1.5834322,-2.2798915,-3.4183102,-5.70067,-0.92905295,-2.5627341,-3.6865988,-1.4480817,-2.4242935,-5.4074144,-2.6252537,-3.588891,-5.9800076,-5.8154597,-1.725494,-2.8766575,-4.89598,-3.3550358,-1.4551675,-2.7534065,-5.199579,-3.5243819,-1.0311204,-6.4826694,-8.580681,-6.234643,-3.2822862,-8.392297,-4.438905,-9.199088,-8.436289,-7.933237,-8.640663,-1.566507,-4.678772,-6.4678154,-6.711366,-3.9191794,-5.4720354,-8.2693405,-4.963286,-4.5424104,-9.608142,-6.4049764,-5.7226796,-5.494219,-10.373946,-4.2790074,-2.523545,-3.1680756,-5.7943835,-6.0332594,-1.3602192,-0.3360222,-8.210384,-3.755927,-1.8348716,-2.141954,-7.445997,-2.6418478,-3.8197515,-10.110798,-5.5852604,-8.578948,-5.991203,-2.7137172,-4.8154974,-9.198419,-4.2365675,-2.5371356,-10.623033,-4.221657,-2.948391,-4.7922807,-0.9130453,-3.1383018,-1.6815954,-2.973403,-3.4330556,-3.0373068,-2.8246546,-2.931817,-2.524193,-3.49902,-1.5263654,-1.5153065,-3.3361845,-2.8311963,-2.3202524,-3.3070433
R,-10.282262,-4.2261133,-4.959084,-2.7401273,-4.830974,-2.3812778,-6.264698,-1.7797105,-2.6385741,-6.4500036,-11.541745,-6.0423965,-3.5729427,-0.77789587,-4.377459,-2.3459764,-3.9883847,-7.4551535,-1.5891135,-10.62726,-4.9829335,-3.404139,-6.1260853,-2.662457,-4.5134697,-12.128269,-7.6433697,-8.137675,-4.770174,-10.015489,-6.3389435,-4.806267,-4.2261786,-2.896164,-3.8362584,-4.410245,-4.014801,-3.3706827,-3.3128495,-3.4517012,-3.07644,-3.730589,-2.4187932,-2.8650746,-2.748436,-3.2283344,-2.999417,-2.1186864,-2.238969,-2.6824632,-2.9175777,-2.222403,-2.3613856,-2.0387888,-2.6062293,-3.658413,-2.5509515,-8.403167,-5.10021,-1.9491189,-4.874677,-4.1011214,-9.417273,-5.13154,-1.8879672,-2.9570644,-8.614819,-2.7904482,-2.6145735,-8.189409,-5.2311277,-3.6646457,-1.7138449,-6.142643,-3.587156,-2.9865031,-3.1404467,-7.6801047,-3.8608856,-3.404183,-4.1450715,-4.1092753,-2.5705056,-6.3876905,-2.8836844,-3.7068057,-5.7492037,-5.098481,-5.11698,-2.878418,-7.6909633,-8.073393,-5.3642797,-4.840272,-0.17816418,-2.4499955,-4.629785,-10.175871,-11.027785,-7.9794674,-5.8658752,-9.977088,-9.042298,-9.1072855,-9.056607,-5.119919,-8.317507,-5.473961,-3.4842281,-2.203415,-5.5381465,-2.1111815,-1.9236677,-7.833495,-3.4020412,-2.6722906,-9.13148,-3.5851655,-1.0031946,-4.35778,-8.221987,-1.8664397,-4.4383593,-2.4645615,-1.0961733,-5.5556116,-4.2473865,-6.610516,-10.693623,-4.8770227,-3.4070263,-4.7626762,-9.051227,-3.088275,-2.6124358,-9.504908,-2.0133982,-7.07841,-7.1299114,-2.7527845,-7.978899,-10.452323,-5.3068686,-5.2006865,-0.0029452539,-3.564828,-1.9054823,-0.2697782,-5.1147623,-2.9721851,-2.7375512,-3.3083801,-2.7522507,-2.5303645,-3.1234972,-4.375631,-2.5705824,-4.7989473,-3.7522993,-3.2815425,-4.766262,-2.5281012,-3.4256783,-4.07024
T,-10.516612,-2.652113,-3.0631132,-3.0539274,-3.3373723,-3.165228,-4.040163,-4.039888,-3.3836176,-5.6186166,-10.997678,-7.2958293,-4.3666267,-4.2140036,-2.2119505,-2.0171115,-4.0861073,-7.314797,-2.968239,-7.6655664,-1.0963298,-3.3107119,-7.9143867,-4.8037176,-4.1732736,-0.00815467,-5.7014856,-8.980676,-4.977598,-11.136607,-6.894287,-3.3142211,-3.6725888,-2.1106093,-2.9928567,-3.1961176,-3.3897963,-2.8428068,-3.5300152,-2.8574448,-3.2793555,-1.3099873,-3.8458052,-3.0366933,-3.3590949,-4.056177,-3.2120814,-3.33199,-3.9474127,-3.6583304,-3.0293388,-3.8280284,-2.5768886,-3.2526417,-2.0844355,-3.1328394,-2.8358402,-6.8156867,-0.48568034,-3.9950428,-3.5312629,-3.8978038,-6.857585,-3.903049,-3.164474,-6.5362782,-7.2879467,-3.411808,-3.1996207,-8.012554,-4.073123,-3.282079,-3.2425017,-3.4584634,-4.043988,-2.9579973,-2.9784136,-3.4329286,-2.9477935,-3.078948,-2.7323031,-3.2139206,-3.0742753,-3.3893993,-3.1819103,-3.4325118,-4.1907144,-4.014672,-3.8522406,-2.4674942,-4.839468,-4.2620687,-3.475567,-3.4419541,-4.6772914,-4.2194214,-3.1687765,-2.7169716,-6.0453978,-3.0355844,-4.497628,-4.206768,-2.0555327,-7.550955,-7.8029046,-5.310109,-9.940441,-2.3613577,-1.296972,-4.149827,-3.3960395,-2.9086757,-3.2956662,-6.150278,-0.54467076,-2.7923803,-0.20990834,-4.634466,-4.1781282,-5.0232415,-5.5445514,-3.2850385,-3.7464995,-5.911374,-7.953141,-5.1155014,-3.5693185,-5.40331,-4.3280377,-4.3491726,-3.1282551,-5.128042,-6.2364216,-3.4387023,-3.6799653,-4.6303163,-3.5071387,-6.680552,-5.071361,-2.7142186,-6.96834,-0.33067524,-4.2428102,-2.7426267,-9.363062,-3.3864741,-3.1910763,-4.3300133,-4.044851,-3.855164,-2.9931438,-3.7530656,-3.6030307,-2.762465,-2.2152572,-4.1369653,-2.4939437,-3.4053226,-2.8402774,-3.3039799,-3.3282056,-2.9321356,-3.130124,-3.2298694
I,-10.475696,-3.5413744,-2.0690112,-1.7712259,-6.5231004,-3.160033,-2.6400023,-4.3842707,-3.7602186,-7.3658442,-12.78662,-9.862472,-3.7823267,-4.591527,-5.4653425,-4.4615173,-4.079289,-7.7085996,-4.5057774,-10.321041,-4.1782937,-2.0195742,-10.515516,-2.6584444,-3.918756,-9.600684,-0.25800157,-12.56501,-2.2924578,-13.216188,-8.576059,-3.6012142,-1.0666918,-3.1912003,-4.4527526,-4.099846,-3.7068646,-3.8869848,-2.2303696,-3.4610357,-2.7960026,-2.9627578,-2.0943882,-3.3274052,-2.705586,-1.8437688,-3.0215783,-3.5326383,-2.2908483,-2.2682223,-3.544435,-2.4191833,-3.6047995,-2.658701,-3.7986193,-3.2163265,-3.240292,-0.108424954,-7.084834,-2.9993443,-4.7306414,-3.6866364,-7.5390944,-3.8359897,-3.168662,-2.221874,-6.2789054,-4.1389127,-3.3578105,-10.265498,-0.9359474,-3.9873998,-2.9417748,-4.9798293,-3.0694284,-4.6106715,-1.4878378,-1.2385688,-3.5931797,-4.923289,-3.4067457,-5.553117,-5.2316084,-2.0018113,-3.9464905,-5.4248714,-1.7553575,-4.055405,-5.764636,-6.3254013,-3.1402786,-7.579402,-4.30919,-4.8597317,-7.05109,-4.256176,-3.062704,-3.85945,-2.4998083,-1.0873547,-5.290778,-3.8382647,-1.3721459,-6.328727,-10.147216,-2.784534,-13.072586,-2.5283709,-3.8429708,-7.6444187,-2.6506042,-3.4742146,-6.3714943,-6.4416122,-4.0353217,-5.7839155,-6.259031,-2.726618,-4.981831,-6.686965,-1.2529216,-4.452267,-5.1510897,-8.432283,-8.090282,-3.0031848,-5.2918167,-6.335446,-5.775478,-4.153007,-3.0837069,-6.2602634,-4.36462,-3.870914,-6.005253,-8.759142,-4.30491,-6.508307,-5.999173,-4.665245,-6.372889,-2.7500744,-6.060714,-5.314312,-9.443806,-3.283111,-4.2063437,-5.0460615,-2.7874525,-2.3223164,-4.8394585,-1.4621819,-2.3503852,-4.203269,-4.3543825,-5.1006074,-4.0897074,-3.6406178,-3.9497795,-2.8125772,-1.9760073,-3.2742758,-3.9664989,-2.7879815
D,-10.167939,-1.3562188,-1.7787431,-3.3126092,-0.9609732,-3.1629848,-5.992687,-5.9916205,-2.539647,-0.5154141,-8.423475,-4.7099457,-5.3118243,-5.401812,-4.3443785,-2.3855062,-5.591595,-7.046775,-3.4934561,-0.02006647,-2.9711528,-5.2110815,-4.2995596,-4.7091746,-2.7525244,-11.28121,-8.58728,-8.098733,-7.42675,-9.072824,-8.886944,-6.570494,-6.0148745,-2.7128086,-1.8272814,-0.9461019,-1.6619723,-2.031918,-3.0329025,-2.3289542,-2.586634,-3.3760698,-3.9632883,-2.709278,-2.8696218,-4.9091806,-2.0171108,-3.407168,-5.3753366,-5.5579376,-3.2578523,-4.7272596,-3.1131494,-4.9007773,-2.7644482,-2.5216172,-4.333039,-11.708598,-5.3202085,-3.8805895,-2.4754725,-3.0153499,-10.453512,-0.9391003,-3.9192946,-8.60449,-11.415477,-2.4256678,-2.2580853,-0.024815165,-9.383268,-1.348186,-3.5708146,-6.6006336,-5.2414236,-1.9811395,-3.6976194,-6.536894,-2.0951667,-2.3366985,-1.766158,-1.6639738,-2.6239605,-5.0502844,-3.3340962,-3.2705185,-6.8806643,-6.702115,-0.65843976,-3.0946136,-6.2843976,-0.5130509,-0.9565127,-2.269238,-6.7819963,-6.980863,-2.5513384,-5.4068675,-9.912058,-7.763071,-0.77936053,-9.44717,-6.490859,-9.205893,-9.30781,-8.505959,-8.63334,-2.6606975,-4.9706783,-6.641103,-7.5345874,-4.3703775,-5.164813,-9.307757,-5.1842,-3.8626003,-9.223932,-7.3198485,-6.5696297,-5.59016,-10.943871,-4.6117015,-3.3447208,-3.913488,-5.7207403,-5.3140554,-0.8858027,-1.8315442,-10.145485,-4.4203486,-1.9017476,-5.1247663,-9.30936,-4.0168595,-3.2953012,-8.379878,-6.3647475,-8.709092,-5.0017896,-1.9256636,-6.7282166,-10.607489,-3.594762,-2.624075,-10.261704,-5.612279,-3.251161,-5.0358634,-3.7802753,-4.4053288,-1.7520913,-3.7865667,-3.4936028,-3.515215,-2.0000095,-2.743753,-2.1082878,-3.346863,-1.6893066,-2.4070795,-3.09019,-3.6796541,-2.8234606,-3.6716845
P,-10.641914,-3.9351406,-3.1621923,-3.8013537,-5.8738856,-5.4431057,-7.7257967,-7.241338,-5.4819016,-9.273882,-13.020703,-5.9996324,-7.6042953,-6.904936,-2.72098,-5.6337814,-1.3387084,-9.131428,-2.203775,-9.079962,-3.796947,-6.8655863,-8.077583,-8.464793,-1.3508002,-10.884019,-9.877262,-11.209054,-8.433845,-11.430544,-10.409925,-6.7646847,-6.157046,-3.6154158,-2.9301705,-3.2363532,-3.2552533,-4.0705805,-3.462174,-4.1216383,-3.9770694,-3.6294549,-4.6737566,-4.3923974,-5.539648,-5.623495,-4.4186797,-4.661996,-6.285206,-6.4430637,-2.9609418,-5.351767,-2.9392922,-2.4582014,-2.9727216,-2.8982887,-1.7036566,-8.590457,-4.4863796,-3.4775991,-4.434673,-11.116391,-12.666499,-10.085733,-7.400236,-11.9575405,-14.229443,-7.339802,-6.972297,-10.253564,-10.042395,-5.132156,-4.6754766,-5.015869,-8.912892,-4.921561,-4.7922983,-5.309383,-5.55235,-5.255029,-5.0984735,-1.521333,-4.1056194,-6.734603,-5.7310743,-0.6517686,-6.51666,-7.8819466,-5.6243773,-6.2757025,-6.992572,-1.31506,-2.4800334,-3.0128868,-6.7447596,-9.074149,-5.920775,-6.123789,-9.817013,-8.360433,-7.0138655,-10.143996,-8.345065,-8.792072,-10.350605,-9.0185,-10.306875,-3.264691,-4.022256,-7.647729,-5.7448325,-4.972955,-5.3090734,-8.526794,-5.5394707,-6.0780797,-7.4763994,-7.1473308,-7.555217,-7.6648655,-10.740245,-7.7508993,-9.787397,-8.939242,-11.415506,-4.9663324,-4.3547945,-7.9252996,-6.927948,-5.7497272,-6.7772336,-9.04472,-10.991008,-7.380119,-8.149486,-9.184648,-6.197139,-7.2741556,-7.453085,-5.132188,-7.6954923,-9.201926,-0.4789011,-5.3164763,-12.41947,-7.456843,-6.593538,-9.517036,-10.40491,-7.5975223,-5.4904265,-6.646405,-5.7724323,-4.4140143,-4.9534044,-3.505998,-6.517084,-3.5940154,-2.9944959,-3.700187,-4.273174,-3.790786,-3.5473204,-4.0565825
K,-9.798457,-2.6460712,-4.281875,-2.022821,-3.2354984,-2.0255618,-5.484063,-0.46307653,-1.7596682,-6.344136,-9.985912,-5.7295303,-3.6116714,-1.7944098,-4.3657265,-1.4601662,-3.9228907,-7.5901666,-1.5615704,-10.480068,-4.8196807,-2.4322624,-5.4922023,-2.779798,-4.578224,-12.586083,-7.5887003,-8.766673,-5.0071554,-11.509096,-7.7995853,-5.175413,-4.2816253,-2.1267877,-2.5609732,-3.4410195,-2.97957,-2.472053,-2.711041,-2.0906754,-2.1134243,-3.1963263,-1.9613619,-1.8888899,-2.4191313,-3.6844306,-2.4363778,-1.1313782,-2.1182232,-2.1003184,-1.9994497,-1.2809949,-1.5068069,-1.9636549,-1.5617781,-3.44271,-1.5136212,-8.4458275,-4.4989824,-1.6773854,-3.7323112,-3.684813,-9.72479,-4.5517507,-1.5424707,-4.238883,-9.176097,-2.4646158,-2.0345368,-8.332915,-5.545836,-3.0932684,-1.8214167,-5.800344,-2.931772,-2.06082,-3.0588737,-7.113782,-3.0263796,-2.1683385,-3.8097801,-2.8346286,-1.7561595,-6.477908,-1.3101346,-2.582044,-5.315992,-4.8955607,-3.9368963,-1.6437042,-6.4646726,-7.524191,-4.0440865,-3.7238839,-3.439246,-1.0086381,-3.9809756,-10.051887,-11.043562,-8.078537,-4.8131695,-8.54861,-8.164665,-8.850913,-8.566893,-6.348173,-9.555796,-5.2498465,-3.5033486,-3.33649,-5.1385093,-1.7059973,-1.5682144,-7.051201,-2.7785585,-2.7057498,-8.613871,-3.5515006,-0.67718476,-3.319406,-9.450463,-1.0632294,-3.5112112,-1.4676762,-0.5524544,-5.7984867,-3.2057834,-5.1344795,-10.787735,-4.8692713,-2.8484805,-4.815073,-8.079041,-3.0839446,-1.5677733,-8.858126,-0.29468286,-7.115897,-7.1418304,-1.8787702,-7.078114,-9.888356,-4.769399,-4.5403075,-7.180662,-4.4499145,-1.5455413,-2.5853913,-6.612019,-2.8844457,-2.358952,-3.430532,-3.9762654,-1.5635401,-2.370631,-3.6122153,-1.3884747,-4.4329395,-2.8395548,-2.0845528,-4.1281443,-1.7540495,-2.1379004,-3.0397825
Q,-10.908939,-3.8368795,-3.9632282,-3.2801933,-3.2903876,-1.891406,-4.0418806,-3.0364873,-2.4219556,-4.787483,-7.7157845,-6.3673096,-4.230948,-2.8353105,-3.6664996,-2.7347383,-4.4190216,-7.933839,-2.5713878,-9.91516,-4.624226,-3.6113095,-6.5111346,-5.290057,-4.841036,-11.032302,-7.528693,-9.971732,-6.0336533,-12.005225,-6.308941,-5.599629,-4.645295,-3.6221614,-3.710168,-4.0741386,-3.1675425,-3.2335205,-3.615564,-2.8387966,-2.7860155,-4.1404715,-2.848959,-2.8245325,-3.1766596,-4.411121,-3.0000548,-3.0407155,-3.5713053,-4.290371,-3.1720004,-3.7945256,-3.3872848,-3.626452,-3.824808,-3.5855596,-3.8031802,-9.752974,-6.7533016,-1.9129518,-2.8433008,-1.229517,-9.098467,-3.8632154,-3.0298524,-5.9770293,-9.108575,-2.5957632,-3.153039,-6.112581,-6.906259,-3.0525968,-3.7580848,-5.810752,-3.6929255,-2.7762537,-2.9827437,-6.444591,-3.149878,-3.151482,-3.8411155,-3.6081836,-2.6542711,-5.528802,-1.992284,-3.6947546,-5.3803926,-6.097172,-4.012577,-2.472683,-5.2050366,-6.5586224,-3.3402495,-3.4480748,-2.6287994,-0.8603738,-2.229279,-7.1871023,-8.429028,-7.746528,-3.8354278,-6.076318,-5.6041775,-8.156463,-0.28536394,-6.329914,-10.684442,-3.939249,-4.0508986,-4.8821406,-5.727675,-3.3587341,-3.723311,-7.363539,-4.560613,-4.08772,-8.078583,-5.4836593,-4.380251,-4.1967583,-7.159192,-2.582847,-1.8399277,-2.7167816,-3.6350427,-6.59039,-2.9534588,-2.950568,-7.256654,-4.55112,-3.0833378,-1.4018459,-4.822637,-2.4141283,-2.9756074,-8.498487,-4.113478,-8.059062,-6.6261363,-2.7173424,-0.12251086,-8.03348,-5.113252,-3.8382325,-8.584845,-3.4558916,-1.996536,-3.861227,-2.2740054,-3.3531308,-3.0356498,-3.3359265,-3.7269945,-2.9803119,-3.219214,-4.1623664,-2.6177635,-4.929368,-3.145111,-3.014554,-4.518555,-3.0374196,-3.4088187,-3.7043412
N,-10.409902,-1.561136,-3.0252662,-3.3964384,-2.5302682,-3.2291188,-6.133336,-4.8980265,-2.7014532,-3.3351336,-11.367123,-4.3186193,-4.666993,-4.3457828,-2.9359345,-2.4896073,-5.3086343,-6.7780137,-3.7122946,-5.295122,-4.082792,-4.894864,-3.8400815,-2.3482552,-4.0088515,-9.256427,-8.085417,-7.7510014,-6.5079784,-9.886127,-4.6979485,-6.0257998,-5.3700075,-2.8497481,-2.645143,-1.8157575,-3.2328966,-2.870625,-3.9776914,-3.1174078,-3.3092134,-3.1263676,-3.6679919,-3.2449527,-3.4931493,-4.86198,-2.698174,-3.3526845,-4.5722885,-3.9119053,-2.824699,-4.311775,-2.5729537,-4.194867,-2.6040883,-3.8755472,-3.6718602,-9.844691,-4.221202,-3.965189,-4.487953,-4.8867083,-9.60584,-3.2596805,-3.5931141,-5.67647,-9.093518,-2.4348989,-2.8294435,-5.7094383,-7.1601796,-2.607294,-2.1826982,-4.0002522,-4.725627,-2.0117528,-2.9258237,-5.9908924,-3.0338922,-2.1934414,-1.596229,-3.3210578,-2.5273757,-4.5467596,-3.526033,-3.4020681,-5.5367007,-5.7042136,-2.619031,-2.1233912,-6.601643,-3.625392,-3.0362415,-1.0616074,-5.403878,-5.2648892,-3.4622812,-5.1088066,-9.153895,-7.3396344,-1.5818086,-7.748221,-6.464032,-7.1862574,-1.4374197,-6.8725605,-8.752619,-3.953517,-2.9993942,-3.242711,-5.3419037,-3.240654,-2.2870338,-6.979055,-3.664893,-0.6229678,-6.057992,-5.5777445,-4.591412,-3.1181793,-8.03355,-1.8134617,-3.3274553,-2.3748617,-3.736625,-5.3756933,-2.7991788,-5.7785673,-7.350373,-5.016375,-2.8313532,-3.2171462,-6.129032,-2.7461116,-0.8281338,-4.312285,-5.1416354,-6.43641,-4.4692507,-1.7737395,-7.47054,-8.175911,-3.8740199,-1.2106377,-7.453744,-4.7033415,-2.3384619,-3.6480882,-4.490897,-3.4286628,-1.9401256,-3.943512,-3.4952016,-2.1752634,-1.6144378,-3.1827605,-2.590631,-4.1165333,-2.6483521,-3.45713,-3.9402838,-2.9831185,-2.5312715,-2.8192837
F,-11.068711,-5.1539264,-2.7397745,-4.2183695,-7.2693,-3.7398405,-3.8537357,-7.165241,-4.9008007,-5.228368,-13.345588,-9.393594,-1.6456007,-6.440149,-5.842839,-5.831341,-5.9636984,-5.081454,-4.9773703,-11.069842,-5.1406574,-5.377001,-9.017037,-2.2258244,-3.7921515,-11.322209,-5.0519342,-11.4412985,-3.2328978,-11.317227,-8.656429,-4.3783717,-4.878778,-4.6302557,-5.2697864,-4.783691,-4.358345,-4.4221363,-2.938436,-5.064715,-4.103281,-4.0718393,-3.5678716,-4.7746806,-3.6268237,-2.5488312,-4.44188,-4.58247,-2.9945126,-2.8927402,-4.02393,-3.5852356,-3.9600904,-2.8672013,-4.180989,-3.0362957,-4.0722,-5.820546,-8.10329,-4.0035367,-6.265731,-4.7867084,-9.619034,-6.0599933,-3.7045767,-2.9294257,-0.24873017,-4.9055,-4.687585,-9.476064,-3.4276195,-5.253314,-3.88095,-4.4613705,-3.128853,-6.161632,-4.2973742,-3.9114628,-4.8442225,-6.1037135,-3.2135043,-6.5948095,-5.4750276,-2.4732008,-4.6920695,-6.042415,-3.4501786,-0.6077756,-6.0577364,-6.905628,-3.171773,-8.439006,-5.367897,-4.4197626,-7.967896,-6.0302935,-5.0577207,-7.215588,-2.362126,-4.6844177,-6.4012737,-2.6798267,-7.605591,-0.9721197,-9.334771,-4.8265247,-13.027462,-4.745948,-4.830103,-7.53456,-3.6376948,-4.677421,-6.487277,-0.13054827,-5.8753195,-6.8101187,-6.878714,-2.440457,-7.201319,-2.8277898,-3.8829792,-5.9330244,-6.7991495,-6.8298855,-7.8328023,-1.610565,-5.9084573,-8.225322,-9.047392,-4.9750767,-4.4616776,-7.1469727,-4.9685774,-4.706871,-6.5964193,-8.025767,-8.400881,-4.9865956,-3.8305774,-6.384042,-7.580801,-7.716362,-7.291436,-7.5940127,-11.145746,-6.195815,-5.9944296,-6.6420336,-4.303347,-3.7927644,-5.9085307,-4.241435,-3.0975678,-4.7430177,-4.864188,-5.482539,-4.88181,-2.1487355,-4.7792826,-4.256085,-2.4765673,-4.1110945,-5.3031693,-4.107511
Y,-10.846612,-4.891994,-2.7489185,-3.8226101,-5.6226306,-3.421082,-5.8392963,-6.2148247,-3.9383736,-5.3514605,-12.79809,-8.45026,-2.6803946,-5.2585964,-5.580592,-4.616893,-5.08047,-0.025563775,-3.6375911,-9.120747,-4.771375,-5.736478,-8.186833,-1.1993874,-2.0269232,-12.043433,-6.9732256,-10.514257,-0.5726547,-11.658505,-6.3435745,-4.180233,-5.1082997,-3.6501117,-4.295155,-3.1151948,-3.6569743,-3.4876122,-2.3562984,-4.458646,-3.6478047,-3.1521282,-3.239985,-4.3450375,-2.9594388,-2.0884032,-4.106923,-4.2879667,-2.2915504,-2.522248,-4.1502867,-3.605168,-3.2534463,-2.7402284,-3.7625341,-2.9880419,-3.7169843,-6.879803,-7.53337,-3.6340866,-6.063022,-4.6632104,-9.605318,-5.332153,-3.2850294,-2.545683,-2.8645349,-4.116993,-4.1603074,-7.646955,-4.4408154,-4.3443804,-3.3014588,-4.5380807,-1.4748316,-5.1413517,-4.1860538,-5.237305,-4.2926693,-5.4647255,-2.9187722,-5.5028715,-3.7718718,-1.7752428,-3.9929698,-5.2361937,-3.450097,-1.7482216,-5.48135,-5.4374,-4.4231935,-7.761282,-5.0618353,-2.651876,-6.0696096,-4.8495135,-4.19769,-8.258635,-2.6621735,-5.416659,-6.1000967,-5.1647377,-7.048973,-0.5269345,-7.955668,-6.093527,-11.454241,-4.3644524,-4.5058694,-6.149263,-4.509678,-4.380678,-5.4739914,-2.5085418,-4.865641,-5.094963,-8.193274,-2.450838,-6.3310485,-2.4541464,-5.955976,-4.840132,-6.5867176,-5.369261,-6.5123982,-0.68208003,-4.6099553,-7.7468214,-8.865421,-4.397561,-4.1869707,-6.276843,-7.637201,-4.4062495,-5.5488167,-8.000682,-8.399303,-4.504865,-3.6942039,-5.5649705,-8.299185,-9.043667,-6.5614314,-7.068515,-9.767136,-5.828887,-5.3727064,-5.8543053,-3.498177,-3.3293486,-4.9778633,-4.1645384,-2.7376425,-4.142661,-4.1770144,-4.6934285,-4.387177,-0.7445112,-4.160594,-3.8498447,-2.4382486,-4.1345205,-4.766191,-4.04599
M,-0.0005504762,-5.615339,-4.7466803,-4.517837,-7.089877,-3.622839,-2.4876974,-5.6220293,-5.455716,-7.540837,-12.728016,-9.207808,-3.6515388,-5.453196,-3.6461027,-5.87764,-5.067105,-9.002971,-5.168586,-11.670898,-5.4168897,-4.055242,-9.181992,-5.2092996,-4.7294087,-9.72529,-5.032812,-10.836472,-3.7155538,-12.144783,-9.332996,-4.1186376,-3.2155476,-4.5758085,-5.179242,-5.0677843,-4.6442237,-4.8397417,-4.3358364,-4.937401,-4.2556133,-4.430602,-3.6757371,-4.819271,-3.8765817,-3.9445767,-4.10965,-4.700829,-3.781807,-3.5780764,-4.654413,-3.8867867,-5.0448456,-4.129884,-5.179534,-1.7662416,-4.6851654,-4.4298143,-7.087014,-4.085594,-6.4628997,-4.0651846,-8.097067,-5.13566,-4.615179,-2.635653,-4.6058364,-4.2331214,-4.547084,-9.521428,-3.0825117,-4.8973236,-4.160472,-5.654212,-3.564417,-5.386547,-3.5663648,-3.5912075,-4.0553436,-5.8437653,-4.22448,-6.3573303,-5.5935364,-3.9793792,-3.759216,-6.042557,-4.3428082,-4.253397,-5.344276,-5.339936,-2.2033548,-8.226842,-5.237813,-5.2014384,-6.651957,-5.233117,-3.7858095,-5.221853,-2.9395487,-3.4519188,-4.834955,-0.27748284,-5.504058,-6.7608914,-7.906398,-0.81209016,-12.156139,-4.5136414,-4.563014,-6.964134,-2.9872355,-3.6097016,-5.573221,-5.5184746,-4.8307195,-6.2508144,-2.376232,-2.7003267,-5.9216323,-3.2903638,-2.814208,-4.4686255,-4.6855974,-5.4099646,-5.617241,-4.5450583,-6.0389357,-6.0561914,-6.0331273,-4.908964,-4.424693,-5.3244314,-0.22741061,-2.4513402,-5.5118294,-8.314453,-5.6956453,-7.6107717,-7.0322638,-5.4809422,-2.4630327,-5.4615326,-7.0936947,-6.5146976,-10.752221,-4.898355,-4.232473,-5.4614134,-3.013031,-3.0227838,-4.930003,-2.519783,-2.0043359,-4.0904226,-4.939661,-5.0864887,-4.879999,-4.9248314,-4.665498,-4.2898197,-3.2890992,-3.3579752,-5.03733,-3.3954716
H,-11.820455,-5.5158753,-5.0738297,-4.7414904,-5.8451505,-4.2768574,-6.4571457,-5.2728405,-4.0288715,-4.613546,-11.95592,-7.1175427,-4.621848,-4.022245,-5.377489,-3.5297275,-5.540281,-4.9671445,-3.4025526,-8.772151,-4.8937764,-5.4554453,-6.0960264,-2.6606355,-4.79752,-9.981959,-8.564994,-9.452703,-4.686063,-11.407118,-0.01861741,-6.1815124,-5.82608,-4.1774416,-4.5724206,-3.5679295,-4.9729557,-4.3807626,-4.857477,-4.9893613,-4.8322496,-4.740323,-4.765604,-5.057187,-4.5066857,-4.2692842,-4.825527,-4.648392,-3.6684911,-4.0425034,-4.5562954,-4.4700794,-3.4770818,-3.6401143,-3.496688,-4.4488254,-4.2494774,-9.943981,-7.4867315,-4.4886637,-6.4055495,-6.048654,-10.995504,-6.761482,-4.293171,-4.653967,-6.3494353,-4.94925,-4.717487,-6.0854716,-7.112404,-4.8581185,-4.2349396,-5.4261355,-3.9752922,-4.8775373,-4.211914,-7.099752,-5.133993,-4.8978314,-3.2893567,-5.5226088,-3.55484,-4.870467,-5.1316586,-4.813246,-5.1099315,-5.2589645,-5.778679,-4.4816813,-6.153747,-6.8754354,-5.3761578,-3.5666265,-4.2604547,-4.836979,-5.2561693,-8.130659,-7.776957,-8.324131,-4.652422,-6.9887,-5.530512,-5.53493,-5.521017,-7.2026234,-10.705419,-5.539924,-4.942752,-5.4058166,-7.024596,-5.046971,-4.77645,-6.695924,-5.645931,-4.678688,-9.565512,-5.4524183,-5.0839453,-4.146517,-5.563203,-4.796359,-5.7840023,-3.4456017,-4.642642,-5.3733435,-4.951696,-8.086906,-8.674001,-5.899608,-5.2263026,-5.361847,-7.4364376,-5.12921,-3.6474192,-8.209164,-6.981668,-7.228568,-6.477114,-5.840507,-7.1462116,-10.368038,-5.861735,-6.356053,-7.392114,-4.3054376,-5.044691,-4.3675256,-2.5648704,-4.9667444,-4.6600084,-5.3442655,-5.0103064,-4.518627,-4.763313,-5.6967635,-4.9582047,-5.0308347,-5.2827096,-5.635805,-6.0553384,-4.74572,-5.286145,-5.472237
W,-12.296556,-7.014899,-4.7054744,-5.7482815,-8.003068,-4.9021654,-6.2751627,-7.5968547,-6.126557,-5.8685627,-13.788083,-8.987612,-4.803566,-6.6583853,-6.2721195,-6.277376,-6.0856667,-5.8888555,-4.484455,-11.32393,-4.2224207,-6.692932,-9.3339405,-4.616191,-1.3061002,-13.4856415,-8.214921,-11.0338955,-3.6156764,-11.424058,-9.368961,-5.964668,-6.2759748,-4.5253706,-5.660285,-5.4223204,-5.340703,-4.7775526,-3.6994448,-5.7008758,-4.7158194,-4.6832666,-4.668608,-5.666361,-4.4261465,-3.3784316,-5.606804,-5.600387,-3.7114499,-4.718865,-5.564336,-5.4768434,-5.548794,-4.3146205,-5.84826,-4.698015,-5.4031506,-8.348946,-9.000648,-5.258051,-7.8737497,-6.3702097,-10.809788,-6.8047543,-4.646773,-3.710974,-2.8957086,-5.289318,-6.2798142,-9.724185,-6.399348,-6.463274,-4.897533,-7.1058645,-4.5145235,-7.1560645,-6.042637,-7.432056,-6.5461326,-7.5110154,-5.4084954,-7.1407595,-4.8501873,-4.0101733,-5.47243,-6.55221,-4.5204854,-3.2913134,-7.7745905,-7.8082085,-6.78406,-10.479522,-6.90697,-5.120938,-7.492284,-8.159322,-6.3538637,-9.919319,-5.923877,-7.6648817,-7.2423487,-6.53621,-9.645965,-4.4192233,-10.482042,-7.358446,-11.649625,-6.497826,-5.8962984,-7.4615893,-6.0752697,-5.9043913,-6.949212,-5.3403144,-6.5042124,-6.8896427,-8.990346,-3.7664745,-7.4590273,-5.7740297,-7.175938,-6.3674173,-8.509568,-7.2043543,-9.237194,-2.331572,-6.177369,-9.50323,-11.160063,-5.567214,-5.628412,-7.688634,-8.217574,-5.3576865,-6.6530886,-9.1022835,-9.455102,-0.0637696,-6.998066,-6.5715327,-9.370428,-10.366037,-7.278857,-8.251472,-11.030079,-7.0099216,-5.850468,-6.860897,-5.337194,-4.161431,-5.9548173,-5.5266204,-3.4064846,-5.897451,-6.275775,-5.9935546,-6.1792917,-3.2439468,-5.598179,-5.0837874,-3.5066013,-5.3000755,-5.823387,-4.967216
C,-12.534173,-6.405989,-4.860136,-4.9082828,-7.7697763,-4.831091,-3.3552823,-5.116988,-5.8198695,-6.9752407,-11.592202,-7.353203,-1.8165554,-3.2499394,-3.7932916,-5.844783,-5.132462,-6.6510844,-5.1320543,-4.5065384,-4.4061327,-4.9426403,-7.642905,-3.3706818,-5.3389673,-8.872698,-5.183421,-7.73416,-3.8677938,-8.638453,-8.340462,-4.441233,-2.8714173,-4.502206,-5.368486,-5.8828545,-5.5955563,-6.623785,-5.8134556,-6.473096,-5.9137654,-5.598914,-4.850588,-6.1620674,-5.391304,-4.9492245,-5.156867,-5.7647023,-4.9809947,-5.0016212,-5.3435163,-4.701623,-5.1216736,-4.5366273,-5.0878034,-4.336371,-5.217792,-6.2565107,-6.932232,-5.8652787,-7.0046406,-6.7835727,-5.2130113,-5.7982073,-5.426303,-4.280197,-5.6611757,-4.2532663,-5.4262624,-8.796555,-4.1241713,-5.25097,-5.037867,-3.6085784,-3.2611496,-5.7324486,-4.525761,-3.9008553,-4.247163,-5.899737,-4.288179,-6.3072357,-6.2214737,-2.8743327,-5.3137465,-5.9963737,-4.219352,-3.9324594,-6.4147625,-5.339385,-4.038259,-6.411426,-6.6020336,-5.2461534,-5.588916,-5.9506235,-5.218154,-4.518762,-5.9874105,-3.4845846,-4.802273,-6.5786614,-2.931992,-6.088794,-7.3894396,-6.3121243,-9.754035,-5.391662,-5.0772905,-6.6484766,-4.469949,-5.0706224,-6.434044,-5.115614,-4.199474,-6.788823,-4.8316755,-4.708707,-6.503733,-2.6272612,-5.4073195,-4.566432,-5.472748,-5.1864576,-6.33678,-5.859846,-7.402308,-9.2241125,-4.110228,-3.8952992,-6.5544925,-6.135686,-5.343903,-3.3046188,-6.484557,-4.43893,-9.046011,-6.292111,-5.287656,-7.898054,-8.975531,-7.3990855,-7.543309,-8.7783985,-10.052018,-3.642582,-6.4193015,-6.9147434,-4.5496874,-4.758073,-6.50548,-4.8788095,-4.4943695,-5.4413376,-5.8084555,-6.200203,-6.2605476,-5.438051,-5.8048,-5.306978,-4.7717037,-3.9247117,-5.747496,-4.787137
